timestamp,ax,ay,az,rms,tilt_now,jerk,tilt_crosses,freq
1755749091.3529708,0,0,0,0.0,0.0,0.0,0,0.0
1755749091.4597764,0,0,0,0.0,0.0,0.0,0,0.0
1755749091.4989285,-0.526,-0.22,9.815,0.026300000000000004,3.324581560585584,0.02636591478696742,0,0.2
1755749091.528187,-0.51,-0.223,9.812,0.03663249923223912,3.2468400788562692,0.027167919799498747,0,0.05
1755749091.5566232,-0.487,-0.236,9.807,0.04398707196438517,3.158493279772828,0.028320802005012535,0,0.05
1755749091.5950508,-0.486,-0.23,9.8,0.05025288548929305,3.140381424300946,0.02837092731829574,0,0.05
1755749091.6231902,-0.492,-0.222,9.792,0.055950983011918566,3.155135014177068,0.02867167919799499,0,0.05
1755749091.6518636,-0.495,-0.217,9.8,0.061180675053484006,3.1566977959345452,0.028822055137844617,0,0.05
1755749091.683152,-0.522,-0.21,9.795,0.06651529899203641,3.2876506912524195,0.030175438596491234,0,0.05
1755749091.7160301,-0.536,-0.2,9.799,0.07171140076724203,3.341323338891591,0.03087719298245615,0,0.05
1755749091.7483242,-0.537,-0.192,9.804,0.07657315129991712,3.3291051511823286,0.030927318295739355,0,0.05
1755749091.7805467,-0.534,-0.194,9.804,0.08109462066006598,3.316616501822341,0.031077694235588982,0,0.05
1755749091.8131852,-0.521,-0.215,9.79,0.08517593556868043,3.294929954568707,0.031729323308270684,0,0.05
1755749091.8430474,-0.499,-0.223,9.798,0.08875495760801196,3.1928223273598615,0.03283208020050127,0,0.05
1755749091.870861,-0.503,-0.219,9.808,0.09224947154320182,3.2014849770267073,0.03303258145363409,0,0.05
1755749091.8985837,-0.491,-0.218,9.802,0.09546029279234376,3.1370798746135446,0.033634085213032586,0,0.05
1755749091.927166,-0.51,-0.209,9.811,0.09880747694380218,3.215388167957295,0.03458646616541354,0,0.05
1755749091.9545953,-0.54,-0.206,9.801,0.10243006150539988,3.374785967961962,0.03609022556390979,0,0.05
1755749091.9827483,-0.553,-0.199,9.785,0.10609637128573249,3.4372239005107486,0.036741854636591485,0,0.05
1755749092.0103452,-0.551,-0.204,9.788,0.10961497388587017,3.435215097639398,0.036842105263157905,0,0.05
1755749092.0376642,-0.539,-0.219,9.798,0.11287933823335429,3.398156289735409,0.0374436090225564,0,0.05
1755749092.066207,-0.515,-0.225,9.799,0.11577913240303711,3.28250807091449,0.0386466165413534,0,0.05
1755749092.0941,-0.503,-0.229,9.788,0.1184792386876283,3.231750514275925,0.039248120300751886,0,0.05
1755749092.1218462,-0.492,-0.233,9.788,0.12100615686815279,3.1833627819282304,0.03979949874686719,0,0.05
1755749092.1502604,-0.481,-0.23,9.784,0.12337298123981605,3.1191445386977734,0.04035087719298247,0,0.05
1755749092.1785529,-0.489,-0.227,9.788,0.12577239363230708,3.1526461503150665,0.040751879699248136,0,0.05
1755749092.2061203,-0.523,-0.225,9.791,0.1284621247683534,3.327993593209868,0.0424561403508772,0,0.05
1755749092.233498,-0.543,-0.224,9.796,0.13129980959620619,3.4314640472614433,0.04345864661654136,0,0.05
1755749092.261566,-0.546,-0.222,9.776,0.13410790431589034,3.4502530608100592,0.043609022556390986,0,0.05
1755749092.2897992,-0.539,-0.222,9.793,0.1367890072337686,3.4065095627193447,0.04395989974937344,0,0.05
1755749092.3178263,-0.502,-0.223,9.784,0.13907279568628797,3.213378718995004,0.04581453634085214,0,0.05
1755749092.3452537,-0.484,-0.239,9.783,0.1411626101345537,3.1581885987559546,0.046716791979949886,0,0.05
1755749092.373104,-0.468,-0.236,9.787,0.14308893213662613,3.065515392658829,0.04751879699248122,0,0.05
1755749092.4007764,-0.482,-0.239,9.798,0.14510428146681267,3.1429127336975773,0.04822055137844612,0,0.05
1755749092.4303522,-0.491,-0.228,9.785,0.14716641940334077,3.166658735113807,0.04867167919799499,0,0.05
1755749092.4581969,-0.515,-0.216,9.79,0.14940220045233604,3.2648557016553252,0.049874686716791995,0,0.05
1755749092.4864547,-0.525,-0.224,9.783,0.15169073801653152,3.3391406302244895,0.050375939849624074,0,0.05
1755749092.5143504,-0.534,-0.226,9.787,0.154022628207676,3.3906672733934453,0.05082706766917294,0,0.05
1755749092.5421162,-0.511,-0.227,9.786,0.15612742392033502,3.2702027988683326,0.05197994987468673,0,0.05
1755749092.570064,-0.487,-0.232,9.781,0.15801485689643235,3.1567551157791787,0.05318295739348373,0,0.05
1755749092.5979967,-0.47,-0.229,9.782,0.1597527621044469,3.059386452024829,0.05403508771929825,0,0.05
1755749092.6263292,-0.469,-0.226,9.796,0.16146469428330146,3.0421440033505585,0.05408521303258146,0,0.05
1755749092.653909,-0.487,-0.224,9.786,0.16329044675056772,3.135345756672345,0.05498746867167921,0,0.05
1755749092.6818202,-0.527,-0.216,9.798,0.16540281889979988,3.3268033957293017,0.05699248120300754,0,0.05
1755749092.709503,-0.527,-0.216,9.798,0.16540281889979988,3.3268033957293017,0.05699248120300754,0,0.05
1755749092.7372978,-0.543,-0.221,9.811,0.16761627307633348,3.419611008433354,0.057794486215538864,0,0.05
1755749092.765223,-0.543,-0.221,9.811,0.16761627307633348,3.419611008433354,0.057794486215538864,0,0.05
1755749092.792988,-0.54,-0.221,9.804,0.16977695662250517,3.405871845755474,0.05794486215538848,0,0.05
1755749092.8210053,-0.54,-0.221,9.804,0.16977695662250517,3.405871845755474,0.05794486215538848,0,0.05
1755749092.848471,-0.533,-0.215,9.808,0.17185586257093471,3.35358501710584,0.05829573934837094,0,0.05
1755749092.8763313,-0.533,-0.215,9.808,0.17185586257093471,3.35358501710584,0.05829573934837094,0,0.05
1755749092.9035852,-0.505,-0.22,9.808,0.17370089234082822,3.21448837835666,0.05969924812030077,0,0.05
1755749092.9315205,-0.505,-0.22,9.808,0.17370089234082822,3.21448837835666,0.05969924812030077,0,0.05
1755749092.9589524,-0.509,-0.222,9.798,0.1755554114802503,3.2437948681781474,0.0598997493734336,0,0.05
1755749092.9872112,-0.509,-0.222,9.798,0.1755554114802503,3.2437948681781474,0.0598997493734336,0,0.05
1755749093.0152268,-0.515,-0.219,9.8,0.1774338327377279,3.268333120940763,0.06020050125313285,0,0.05
1755749093.0432847,-0.515,-0.219,9.8,0.1774338327377279,3.268333120940763,0.06020050125313285,0,0.05
1755749093.0719457,-0.487,-0.24,9.829,0.1790968662484076,3.161644863262179,0.06160401002506267,0,0.05
1755749093.0994852,-0.487,-0.24,9.829,0.1790968662484076,3.161644863262179,0.06160401002506267,0,0.05
1755749093.127475,-0.409,-0.165,9.862,0.1802606168856636,2.5605595145064264,0.0655137844611529,0,0.05
1755749093.15564,-0.409,-0.165,9.862,0.1802606168856636,2.5605595145064264,0.0655137844611529,0,0.05
1755749093.1836345,-0.256,-0.162,9.809,0.18071449858824276,1.769024679638113,0.07318295739348371,0,0.05
1755749093.2114425,-0.256,-0.162,9.809,0.18071449858824276,1.769024679638113,0.07318295739348371,0,0.05
1755749093.2397573,-0.263,-0.002,9.536,0.18119230805969663,1.5798454788564409,0.07353383458646617,0,0.05
1755749093.2680233,-0.263,-0.002,9.536,0.18119230805969663,1.5798454788564409,0.07353383458646617,0,0.05
1755749093.295801,-0.591,-0.38,9.664,0.18358609696815278,4.1583920175932025,0.08997493734335842,0,0.05
1755749093.324199,-0.45,-0.205,9.815,0.1849597388622724,2.8842102072972167,0.09704260651629074,0,0.05
1755749093.3531222,-0.45,-0.205,9.815,0.1849597388622724,2.8842102072972167,0.09704260651629074,0,0.05
1755749093.3811119,-0.622,-0.153,9.933,0.18755616492133761,3.6896768641905044,0.10566416040100252,0,0.05
1755749093.4093957,-0.622,-0.153,9.933,0.18755616492133761,3.6896768641905044,0.10566416040100252,0,0.05
1755749093.4372177,-0.47,-0.286,10.253,0.18902265737207272,3.0715578319138173,0.11328320802005014,0,0.05
1755749093.4655006,-0.47,-0.286,10.253,0.18902265737207272,3.0715578319138173,0.11328320802005014,0,0.05
1755749093.4931939,-0.121,-0.336,10.379,0.1891194529920177,1.9706700476197991,0.1307769423558897,0,0.05
1755749093.5221858,-0.121,-0.336,10.379,0.1891194529920177,1.9706700476197991,0.1307769423558897,0,0.05
1755749093.5500772,-0.046,-0.424,10.241,0.1891334383444662,2.3847133643586607,0.13453634085213032,0,0.05
1755749093.578389,-0.046,-0.424,10.241,0.1891334383444662,2.3847133643586607,0.13453634085213032,0,0.05
1755749093.6058774,-0.107,-0.376,9.95,0.18920909069069594,2.2499529545406975,0.13759398496240602,0,0.05
1755749093.634409,-0.107,-0.376,9.95,0.18920909069069594,2.2499529545406975,0.13759398496240602,0,0.05
1755749093.66215,-0.097,-0.376,9.61,0.18927124055175418,2.313886870073929,0.1380952380952381,0,0.05
1755749093.6908298,-0.097,-0.376,9.61,0.18927124055175418,2.313886870073929,0.1380952380952381,0,0.05
1755749093.7189376,0.048,-0.396,9.491,0.18928645619800694,2.4066754070024654,0.14536340852130325,0,0.05
1755749093.747266,0.048,-0.396,9.491,0.18928645619800694,2.4066754070024654,0.14536340852130325,0,0.05
1755749093.7758255,0.305,-0.353,9.516,0.18989977619786705,2.806622559590565,0.15824561403508772,0,0.05
1755749093.8036714,0.305,-0.353,9.516,0.18989977619786705,2.806622559590565,0.15824561403508772,0,0.05
1755749093.8314447,0.664,-0.568,9.548,0.19278009492683626,5.228924524385674,0.17624060150375942,0,0.05
1755749093.8599567,0.664,-0.568,9.548,0.19278009492683626,5.228924524385674,0.17624060150375942,0,0.05
1755749093.8878493,1.04,-0.92,9.588,0.19967014048174553,8.240228955929272,0.19508771929824562,0,0.05
1755749093.9169614,1.04,-0.92,9.588,0.19967014048174553,8.240228955929272,0.19508771929824562,0,0.05
1755749093.945147,1.151,-1.004,9.595,0.20779838185125504,9.044601689388681,0.20065162907268172,0,0.05
1755749093.9730287,1.084,-1.116,9.516,0.2147505704299758,9.285308996170352,0.20401002506265667,0,0.05
1755749094.0013423,1.084,-1.116,9.516,0.2147505704299758,9.285308996170352,0.20401002506265667,0,0.05
1755749094.029326,1.09,-0.878,9.49,0.2215582485487733,8.38981214489637,0.20431077694235592,0,0.05
1755749094.0574422,1.09,-0.878,9.49,0.2215582485487733,8.38981214489637,0.20431077694235592,0,0.05
1755749094.085046,1.149,-0.999,9.524,0.2288854735451772,9.08279370643906,0.20726817042606516,0,0.1
1755749094.1134858,1.149,-0.999,9.524,0.2288854735451772,9.08279370643906,0.20726817042606516,0,0.1
1755749094.1414053,1.371,-1.192,9.616,0.23893024609705654,10.698660361695675,0.21839598997493734,1,0.15000000000000002
1755749094.171354,1.371,-1.192,9.616,0.23893024609705654,10.698660361695675,0.21839598997493734,1,0.15000000000000002
1755749094.1990492,1.114,-1.155,9.714,0.2453368144001222,9.380163521461997,0.23127819548872178,1,0.15000000000000002
1755749094.2272766,1.114,-1.155,9.714,0.2453368144001222,9.380163521461997,0.23127819548872178,1,0.15000000000000002
1755749094.2548864,1.114,-1.155,9.714,0.2453368144001222,9.380163521461997,0.23127819548872178,1,0.15000000000000002
1755749094.283005,0.851,-0.797,9.706,0.24899930722795194,6.849857710063205,0.24446115288220552,1,0.15000000000000002
1755749094.3116162,0.851,-0.797,9.706,0.24899930722795194,6.849857710063205,0.24446115288220552,1,0.15000000000000002
1755749094.339432,0.851,-0.797,9.706,0.24899930722795194,6.849857710063205,0.24446115288220552,1,0.15000000000000002
1755749094.367969,0.851,-0.797,9.706,0.24899930722795194,6.849857710063205,0.24446115288220552,1,0.15000000000000002
1755749094.3958466,0.851,-0.797,9.706,0.24899930722795194,6.849857710063205,0.24446115288220552,1,0.15000000000000002
1755749094.424339,0.851,-0.797,9.706,0.24899930722795194,6.849857710063205,0.24446115288220552,1,0.15000000000000002
1755749094.452087,0.851,-0.797,9.706,0.24899930722795194,6.849857710063205,0.24446115288220552,1,0.15000000000000002
1755749094.480336,0.851,-0.797,9.706,0.24899930722795194,6.849857710063205,0.24446115288220552,1,0.15000000000000002
1755749094.508346,0.851,-0.797,9.706,0.24899930722795194,6.849857710063205,0.24446115288220552,1,0.15000000000000002
1755749094.5362175,0.851,-0.797,9.706,0.24899930722795194,6.849857710063205,0.24446115288220552,1,0.15000000000000002
1755749094.5644367,0.851,-0.797,9.706,0.24899930722795194,6.849857710063205,0.24446115288220552,1,0.15000000000000002
1755749094.5928922,0.851,-0.797,9.706,0.24899930722795194,6.849857710063205,0.24446115288220552,1,0.15000000000000002
1755749094.6215775,0.851,-0.797,9.706,0.24899930722795194,6.849857710063205,0.24446115288220552,1,0.15000000000000002
1755749094.6489294,0.851,-0.797,9.706,0.24899930722795194,6.849857710063205,0.24446115288220552,1,0.15000000000000002
1755749094.6770697,0.851,-0.797,9.706,0.24899930722795194,6.849857710063205,0.24446115288220552,1,0.15000000000000002
1755749094.7046597,0.851,-0.797,9.706,0.24899930722795194,6.849857710063205,0.24446115288220552,1,0.15000000000000002
1755749094.7326703,0.851,-0.797,9.706,0.24899930722795194,6.849857710063205,0.24446115288220552,1,0.15000000000000002
1755749094.7604585,0.851,-0.797,9.706,0.24899930722795194,6.849857710063205,0.24446115288220552,1,0.15000000000000002
1755749094.788743,0.851,-0.797,9.706,0.24899930722795194,6.849857710063205,0.24446115288220552,1,0.15000000000000002
1755749094.8168917,0.851,-0.797,9.706,0.24899930722795194,6.849857710063205,0.24446115288220552,1,0.15000000000000002
1755749094.8451235,0.851,-0.797,9.706,0.24899930722795194,6.849857710063205,0.24446115288220552,1,0.15000000000000002
1755749094.872676,0.851,-0.797,9.706,0.24899930722795194,6.849857710063205,0.24446115288220552,1,0.15000000000000002
1755749094.9001687,0.851,-0.797,9.706,0.24899930722795194,6.849857710063205,0.24446115288220552,1,0.15000000000000002
1755749094.9289107,0.851,-0.797,9.706,0.24899930722795194,6.849857710063205,0.24446115288220552,1,0.15000000000000002
1755749094.956903,0.851,-0.797,9.706,0.24899930722795194,6.849857710063205,0.24446115288220552,1,0.15000000000000002
1755749094.984888,0.851,-0.797,9.706,0.24899930722795194,6.849857710063205,0.24446115288220552,1,0.15000000000000002
1755749095.0127697,0.851,-0.797,9.706,0.24899930722795194,6.849857710063205,0.24446115288220552,1,0.15000000000000002
1755749095.0404267,0.851,-0.797,9.706,0.24899930722795194,6.849857710063205,0.24446115288220552,1,0.15000000000000002
1755749095.068991,0.851,-0.797,9.706,0.24899930722795194,6.849857710063205,0.24446115288220552,1,0.15000000000000002
1755749095.0963376,0.851,-0.797,9.706,0.24899930722795194,6.849857710063205,0.24446115288220552,1,0.15000000000000002
1755749095.1245604,0.851,-0.797,9.706,0.24899930722795194,6.849857710063205,0.24446115288220552,1,0.15000000000000002
1755749095.1524234,0.851,-0.797,9.706,0.24899930722795194,6.849857710063205,0.24446115288220552,1,0.15000000000000002
1755749095.1803634,0.851,-0.797,9.706,0.24899930722795194,6.849857710063205,0.24446115288220552,1,0.15000000000000002
1755749095.2081048,0.851,-0.797,9.706,0.24899930722795194,6.849857710063205,0.24446115288220552,1,0.15000000000000002
1755749095.235685,0.851,-0.797,9.706,0.24899930722795194,6.849857710063205,0.24446115288220552,1,0.15000000000000002
1755749095.263488,0.851,-0.797,9.706,0.24899930722795194,6.849857710063205,0.24446115288220552,1,0.15000000000000002
1755749095.2910383,0.851,-0.797,9.706,0.24899930722795194,6.849857710063205,0.24446115288220552,1,0.15000000000000002
1755749095.320189,0.851,-0.797,9.706,0.24899930722795194,6.849857710063205,0.24446115288220552,1,0.15000000000000002
1755749095.3483164,0.851,-0.797,9.706,0.24899930722795194,6.849857710063205,0.24446115288220552,1,0.15000000000000002
1755749095.3764458,0.851,-0.797,9.706,0.24899930722795194,6.849857710063205,0.24446115288220552,1,0.15000000000000002
1755749095.4047692,0.498,-0.531,9.824,0.2502412136319675,4.238037739472228,0.262155388471178,1,0.15000000000000002
1755749095.4327757,0.456,-0.356,9.969,0.2512777447367753,3.3211915989538574,0.2642606516290727,1,0.15000000000000002
1755749095.4606018,0.879,-0.791,10.053,0.255092350924131,6.70871686169637,0.28546365914786964,1,0.15000000000000002
1755749095.4894288,1.382,-1.241,10.031,0.26428567403474595,10.490517839016926,0.31067669172932333,2,0.15000000000000002
1755749095.5182965,1.373,-1.502,10.05,0.2730562945621287,11.4467879048045,0.31112781954887214,2,0.15000000000000002
1755749095.5460465,1.148,-1.189,9.968,0.2790241924995035,9.414384006413373,0.32240601503759403,2,0.15000000000000002
1755749095.5746503,0.846,-0.901,9.811,0.28221231369307753,7.179938153216409,0.33754385964912276,2,0.15000000000000002
1755749095.6023061,0.891,-0.834,9.754,0.28570700463936827,7.131811679213823,0.3397994987468671,2,0.15000000000000002
1755749095.629865,1.196,-1.273,9.686,0.29189815432784083,10.222396154195344,0.35508771929824556,3,0.15000000000000002
1755749095.6583195,1.497,-1.553,9.645,0.3013420896589124,12.60637189717011,0.37017543859649127,3,0.15000000000000002
1755749095.686964,1.541,-1.576,9.66,0.3110365854686551,12.853528112039049,0.37238095238095237,3,0.15000000000000002
1755749095.7157063,1.44,-1.422,9.68,0.3192612683994098,11.808633234334225,0.37744360902255636,3,0.15000000000000002
1755749095.7441146,1.376,-1.348,9.658,0.32659025934647834,11.279471867030962,0.3806516290726817,3,0.15000000000000002
1755749095.7721574,1.338,-1.329,9.652,0.333371875688397,11.055506898804476,0.38255639097744365,3,0.15000000000000002
1755749095.800148,1.273,-1.271,9.65,0.3393937683576409,10.559448041925753,0.3858145363408521,3,0.15000000000000002
1755749095.829828,1.195,-1.149,9.71,0.3446131055256024,9.688629172195581,0.3897243107769424,3,0.15000000000000002
1755749095.8581316,1.135,-1.063,9.77,0.34925457047832603,9.043693354128042,0.3927318295739348,3,0.15000000000000002
1755749095.8862674,1.074,-1.012,9.784,0.35335880489949584,8.577013588135944,0.39578947368421047,3,0.15000000000000002
1755749095.9147923,1.04,-0.996,9.789,0.357164450918621,8.368445514009466,0.3974937343358395,3,0.15000000000000002
1755749095.9430647,0.994,-0.95,9.809,0.36060578891637335,7.979392964748811,0.3997994987468671,3,0.15000000000000002
1755749095.9715152,0.898,-0.903,9.809,0.3633903479730853,7.39734356924439,0.40461152882205503,3,0.15000000000000002
1755749095.999634,0.865,-0.862,9.811,0.36595506213195084,7.095115299705707,0.40626566416040094,3,0.15000000000000002
1755749096.0280404,0.821,-0.832,9.795,0.3682502002715002,6.8051350399899935,0.408471177944862,3,0.15000000000000002
1755749096.0559936,0.771,-0.77,9.78,0.3702624913490428,6.3574660712924365,0.41097744360902244,3,0.15000000000000002
1755749096.08427,0.772,-0.723,9.786,0.3722690861460296,6.168707178296344,0.4110275689223057,3,0.15000000000000002
1755749096.1122885,0.717,-0.653,9.745,0.3739913033748245,5.683189616450226,0.41378446115288203,3,0.15000000000000002
1755749096.140588,0.604,-0.596,9.685,0.3752086552839633,5.007158346319301,0.4194486215538846,3,0.15000000000000002
1755749096.1698134,0.505,-0.518,9.697,0.37605730613830657,4.266553158632664,0.42441102756892224,3,0.15000000000000002
1755749096.1979759,0.45,-0.461,9.718,0.37672980702354836,3.792676521252428,0.4271679197994986,3,0.15000000000000002
1755749096.2267556,0.619,-0.625,9.765,0.37799900793520613,5.147426990091418,0.4356390977443608,3,0.15000000000000002
1755749096.2552035,0.613,-0.714,9.685,0.3792395977479145,5.549732542713254,0.43593984962406007,3,0.15000000000000002
1755749096.2836747,0.53,-0.612,9.772,0.3801643361758175,4.736049874291594,0.4401002506265663,3,0.15000000000000002
1755749096.312479,0.414,-0.516,9.85,0.3807274779944311,3.8423694800158628,0.4459147869674184,3,0.15000000000000002
1755749096.3408608,0.295,-0.48,9.874,0.38101309032630365,3.2657235272974128,0.45187969924812016,3,0.15000000000000002
1755749096.3697565,0.257,-0.511,9.922,0.38122971749327206,3.299360229584931,0.45378446115288207,3,0.15000000000000002
1755749096.3975577,0.331,-0.526,9.92,0.38158878390225254,3.584847388155948,0.4574937343358395,3,0.15000000000000002
1755749096.4266927,0.424,-0.586,9.881,0.3821772363707708,4.1866827535314455,0.4621553884711779,3,0.15000000000000002
1755749096.4542887,0.458,-0.617,9.816,0.3828627038508713,4.476060857122137,0.46385964912280697,3,0.15000000000000002
1755749096.4830484,0.249,-0.54,9.689,0.3830650760641069,3.5120122973208994,0.47433583959899733,3,0.15000000000000002
1755749096.5115554,-0.035,-0.245,9.704,0.38306907340582846,1.4609345413083246,0.48857142857142855,3,0.15000000000000002
1755749096.540207,-0.224,-0.085,9.72,0.3832327686928664,1.4119787703720423,0.4980451127819548,3,0.15000000000000002
1755749096.568831,-0.472,0.03,9.726,0.3839587412730696,2.7839655693324996,0.5104761904761904,3,0.15000000000000002
1755749096.596904,-0.531,0.042,9.784,0.3848755870407995,3.116208236867131,0.5134335839598998,3,0.15000000000000002
1755749096.6250231,-0.423,-0.075,9.786,0.3854562750818827,2.5136245130093493,0.5188471177944862,3,0.15000000000000002
1755749096.6538112,-0.423,-0.075,9.786,0.3854562750818827,2.5136245130093493,0.5188471177944862,3,0.15000000000000002
1755749096.682061,-0.316,-0.178,9.792,0.3857799631914545,2.121200226713318,0.5242105263157895,3,0.15000000000000002
1755749096.7107549,-0.316,-0.178,9.792,0.3857799631914545,2.121200226713318,0.5242105263157895,3,0.15000000000000002
1755749096.7391508,-0.339,-0.177,9.824,0.38615214941781695,2.229271620846287,0.5253634085213033,3,0.15000000000000002
1755749096.7675514,-0.339,-0.177,9.824,0.38615214941781695,2.229271620846287,0.5253634085213033,3,0.15000000000000002
1755749096.796199,-0.422,-0.126,9.789,0.3867281894302509,2.5760104912679345,0.5295238095238095,3,0.15000000000000002
1755749096.8248217,-0.422,-0.126,9.789,0.3867281894302509,2.5760104912679345,0.5295238095238095,3,0.15000000000000002
1755749096.8528757,-0.46,-0.078,9.848,0.3874115286100815,2.7124592969720713,0.5314285714285714,3,0.15000000000000002
1755749096.8812594,-0.46,-0.078,9.848,0.3874115286100815,2.7124592969720713,0.5314285714285714,3,0.15000000000000002
1755749096.908965,-0.478,-0.072,9.944,0.3881480419891359,2.7830396738936614,0.5323308270676691,3,0.15000000000000002
1755749096.9369078,-0.478,-0.072,9.944,0.3881480419891359,2.7830396738936614,0.5323308270676691,3,0.15000000000000002
1755749096.9649687,-0.518,-0.125,9.929,0.38901119842492965,3.071997478641533,0.5343358395989974,3,0.15000000000000002
1755749096.992949,-0.518,-0.125,9.929,0.38901119842492965,3.071997478641533,0.5343358395989974,3,0.15000000000000002
1755749097.020892,-0.595,-0.121,9.947,0.3901471196869202,3.493079947868398,0.5381954887218043,3,0.15000000000000002
1755749097.048859,-0.595,-0.121,9.947,0.3901471196869202,3.493079947868398,0.5381954887218043,3,0.15000000000000002
1755749097.0772061,-0.577,-0.153,9.911,0.391212343235742,3.4467667179371437,0.5390977443609022,3,0.15000000000000002
1755749097.1053426,-0.573,-0.2,9.875,0.39226001580584274,3.5168802651999296,0.539298245614035,3,0.15000000000000002
1755749097.1338441,-0.573,-0.2,9.875,0.39226001580584274,3.5168802651999296,0.539298245614035,3,0.15000000000000002
1755749097.1619916,-0.537,-0.251,9.843,0.3931778764121908,3.4463016948294647,0.5411027568922306,3,0.15000000000000002
1755749097.190177,-0.537,-0.251,9.843,0.3931778764121908,3.4463016948294647,0.5411027568922306,3,0.15000000000000002
1755749097.218076,-0.559,-0.222,9.805,0.3941700711621825,3.510301728609194,0.5422055137844612,3,0.15000000000000002
1755749097.2458043,-0.559,-0.222,9.805,0.3941700711621825,3.510301728609194,0.5422055137844612,3,0.15000000000000002
1755749097.274409,-0.593,-0.228,9.79,0.39528365448118397,3.7129981081559595,0.5439097744360903,3,0.15000000000000002
1755749097.3025167,-0.593,-0.228,9.79,0.39528365448118397,3.7129981081559595,0.5439097744360903,3,0.15000000000000002
1755749097.3305047,-0.604,-0.259,9.764,0.39643562844426583,3.8506178051802213,0.5444611528822056,3,0.15000000000000002
1755749097.3590162,-0.604,-0.259,9.764,0.39643562844426583,3.8506178051802213,0.5444611528822056,3,0.15000000000000002
1755749097.387458,-0.605,-0.286,9.778,0.39758806571626365,3.9151476095757927,0.5445112781954888,3,0.15000000000000002
1755749097.416069,-0.605,-0.286,9.778,0.39758806571626365,3.9151476095757927,0.5445112781954888,3,0.15000000000000002
1755749097.444395,-0.645,-0.265,9.82,0.3988938862655079,4.061744310515382,0.5465162907268171,3,0.15000000000000002
1755749097.4731338,-0.645,-0.265,9.82,0.3988938862655079,4.061744310515382,0.5465162907268171,3,0.15000000000000002
1755749097.5009449,-0.715,-0.239,9.823,0.4004926903203103,4.388684672588956,0.5500250626566418,3,0.15000000000000002
1755749097.5297232,-0.715,-0.239,9.823,0.4004926903203103,4.388684672588956,0.5500250626566418,3,0.15000000000000002
1755749097.5573418,-0.699,-0.227,9.811,0.4020147976132222,4.28398696469178,0.5508270676691729,3,0.15000000000000002
1755749097.5850666,-0.699,-0.227,9.811,0.4020147976132222,4.28398696469178,0.5508270676691729,3,0.15000000000000002
1755749097.6131032,-0.709,-0.203,9.805,0.4035747762187325,4.301437149474303,0.551328320802005,3,0.15000000000000002
1755749097.6414149,-0.709,-0.203,9.805,0.4035747762187325,4.301437149474303,0.551328320802005,3,0.15000000000000002
1755749097.6693954,-0.799,-0.145,9.777,0.4055472876250068,4.747930605185083,0.5558395989974937,3,0.15000000000000002
1755749097.697926,-0.799,-0.145,9.777,0.4055472876250068,4.747930605185083,0.5558395989974937,3,0.15000000000000002
1755749097.7264938,-0.793,-0.083,9.756,0.40748095047498845,4.672246828434698,0.5561403508771929,3,0.15000000000000002
1755749097.7543678,-0.819,-0.062,9.748,0.40953342659665765,4.816230922933826,0.5574436090225564,3,0.15000000000000002
1755749097.7821896,-0.819,-0.062,9.748,0.40953342659665765,4.816230922933826,0.5574436090225564,3,0.15000000000000002
1755749097.8100698,-0.835,0.002,9.779,0.4116560336008693,4.88049360900869,0.5582456140350878,3,0.15000000000000002
1755749097.8383367,-0.835,0.002,9.779,0.4116560336008693,4.88049360900869,0.5582456140350878,3,0.15000000000000002
1755749097.8659303,-0.883,0.113,9.769,0.4140168021952732,5.206703625790684,0.5606516290726817,3,0.15000000000000002
1755749097.8941562,-0.883,0.113,9.769,0.4140168021952732,5.206703625790684,0.5606516290726817,3,0.15000000000000002
1755749097.9224405,-0.896,0.134,9.759,0.41643361115548777,5.303781406945965,0.5613032581453633,3,0.15000000000000002
1755749097.9506307,-0.896,0.134,9.759,0.41643361115548777,5.303781406945965,0.5613032581453633,3,0.15000000000000002
1755749097.9785368,-0.983,0.261,9.83,0.4193240691875438,5.907080751488246,0.5656641604010025,3,0.15000000000000002
1755749098.0070205,-0.983,0.261,9.83,0.4193240691875438,5.907080751488246,0.5656641604010025,3,0.15000000000000002
1755749098.0356708,-1.045,0.284,9.746,0.42256684382473736,6.340279302947451,0.5687719298245615,3,0.15000000000000002
1755749098.0636272,-1.045,0.284,9.746,0.42256684382473736,6.340279302947451,0.5687719298245615,3,0.15000000000000002
1755749098.0923383,-1.036,0.273,9.701,0.42572993493528266,6.3021331680776616,0.5692230576441104,3,0.15000000000000002
1755749098.1209536,-1.036,0.273,9.701,0.42572993493528266,6.3021331680776616,0.5692230576441104,3,0.15000000000000002
1755749098.1490595,-1.084,0.233,9.708,0.42916618867287293,6.515564014624079,0.5716290726817044,3,0.15000000000000002
1755749098.177794,-1.084,0.233,9.708,0.42916618867287293,6.515564014624079,0.5716290726817044,3,0.15000000000000002
1755749098.2052882,-1.069,0.243,9.736,0.4324818146465815,6.424429247895644,0.5723809523809525,3,0.15000000000000002
1755749098.233519,-1.069,0.243,9.736,0.4324818146465815,6.424429247895644,0.5723809523809525,3,0.15000000000000002
1755749098.2618492,-1.103,0.225,9.769,0.4359839933988403,6.5733931770357,0.5740852130325815,3,0.15000000000000002
1755749098.2905834,-1.103,0.225,9.769,0.4359839933988403,6.5733931770357,0.5740852130325815,3,0.15000000000000002
1755749098.3185995,-1.146,0.189,9.757,0.43973325152869663,6.788586060461726,0.5762406015037594,3,0.15000000000000002
1755749098.3474965,-1.146,0.189,9.757,0.43973325152869663,6.788586060461726,0.5762406015037594,3,0.15000000000000002
1755749098.3758056,-1.173,0.138,9.745,0.44362727035203775,6.910518059605393,0.5775939849624061,3,0.15000000000000002
1755749098.4035435,-1.216,0.11,9.754,0.44777426790739105,7.134936306814879,0.5797493734335839,3,0.15000000000000002
1755749098.4312909,-1.216,0.11,9.754,0.44777426790739105,7.134936306814879,0.5797493734335839,3,0.15000000000000002
1755749098.4595091,-1.256,0.07,9.741,0.45215664874023476,7.358430422433715,0.5817543859649122,3,0.15000000000000002
1755749098.487465,-1.256,0.07,9.741,0.45215664874023476,7.358430422433715,0.5817543859649122,3,0.15000000000000002
1755749098.5154696,-1.3,0.016,9.732,0.4568048106138988,7.609095269424294,0.5839598997493733,3,0.15000000000000002
1755749098.5441704,-1.3,0.016,9.732,0.4568048106138988,7.609095269424294,0.5839598997493733,3,0.15000000000000002
1755749098.573388,-1.341,-0.034,9.451,0.46169940166736195,8.078336903885827,0.586015037593985,3,0.15000000000000002
1755749098.6024003,-1.341,-0.034,9.451,0.46169940166736195,8.078336903885827,0.586015037593985,3,0.15000000000000002
1755749098.6316464,-1.339,-0.079,9.44,0.46652828424437465,8.087015902825666,0.5861152882205513,3,0.15000000000000002
1755749098.6600294,-1.339,-0.079,9.44,0.46652828424437465,8.087015902825666,0.5861152882205513,3,0.15000000000000002
1755749098.6885276,-1.367,-0.108,9.642,0.47150860278472123,8.094174574659727,0.5875187969924812,3,0.15000000000000002
1755749098.7168577,-1.367,-0.108,9.642,0.47150860278472123,8.094174574659727,0.5875187969924812,3,0.15000000000000002
1755749098.7454517,-1.446,-0.082,9.39,0.47701955148610004,8.768261955719192,0.5914786967418546,3,0.15000000000000002
1755749098.7744865,-1.446,-0.082,9.39,0.47701955148610004,8.768261955719192,0.5914786967418546,3,0.15000000000000002
1755749098.80276,-1.451,-0.108,9.421,0.4825050828747818,8.779602432927462,0.5917293233082707,3,0.15000000000000002
1755749098.8312685,-1.451,-0.108,9.421,0.4825050828747818,8.779602432927462,0.5917293233082707,3,0.15000000000000002
1755749098.8589485,-1.477,-0.131,9.491,0.48812393661856,8.879653102270789,0.5930325814536341,3,0.15000000000000002
1755749098.8872685,-1.477,-0.159,9.554,0.4936788429738508,8.838042476955023,0.5930325814536341,3,0.15000000000000002
1755749098.915374,-1.477,-0.159,9.554,0.4936788429738508,8.838042476955023,0.5930325814536341,3,0.15000000000000002
1755749098.9433892,-1.468,-0.165,9.593,0.4991055599770453,8.754316263947992,0.5934837092731831,3,0.15000000000000002
1755749098.971596,-1.468,-0.165,9.593,0.4991055599770453,8.754316263947992,0.5934837092731831,3,0.15000000000000002
1755749098.9992151,-1.434,-0.176,9.594,0.5042293624929036,8.56382180038273,0.595187969924812,3,0.15000000000000002
1755749099.027859,-1.434,-0.176,9.594,0.5042293624929036,8.56382180038273,0.595187969924812,3,0.15000000000000002
1755749099.0554419,-1.411,-0.185,9.61,0.5091409947156091,8.423308360286411,0.5963408521303258,3,0.15000000000000002
1755749099.0837715,-1.411,-0.185,9.61,0.5091409947156091,8.423308360286411,0.5963408521303258,3,0.15000000000000002
1755749099.1121945,-1.394,-0.191,9.625,0.513889718227559,8.316835748988638,0.5971929824561405,3,0.15000000000000002
1755749099.1407347,-1.394,-0.191,9.625,0.513889718227559,8.316835748988638,0.5971929824561405,3,0.15000000000000002
1755749099.1695807,-1.399,-0.193,9.637,0.5186286195342482,8.337042903507237,0.5974436090225566,3,0.15000000000000002
1755749099.197518,-1.399,-0.193,9.637,0.5186286195342482,8.337042903507237,0.5974436090225566,3,0.15000000000000002
1755749099.225385,-1.416,-0.204,9.644,0.5234389028339411,8.43789054251244,0.5982957393483709,3,0.15000000000000002
1755749099.2530499,-1.416,-0.204,9.644,0.5234389028339411,8.43789054251244,0.5982957393483709,3,0.15000000000000002
1755749099.2812202,-1.434,-0.194,9.647,0.5283267691495482,8.530842473748894,0.5991979949874687,3,0.15000000000000002
1755749099.309167,-1.434,-0.194,9.647,0.5283267691495482,8.530842473748894,0.5991979949874687,3,0.15000000000000002
1755749099.3377914,-1.438,-0.207,9.657,0.5331967601176887,8.555554858880706,0.5993984962406016,3,0.15000000000000002
1755749099.3659892,-1.438,-0.207,9.657,0.5331967601176887,8.555554858880706,0.5993984962406016,3,0.15000000000000002
1755749099.3938217,-1.433,-0.216,9.652,0.5379893191318951,8.538821796718047,0.5996491228070175,3,0.15000000000000002
1755749099.4222739,-1.433,-0.216,9.652,0.5379893191318951,8.538821796718047,0.5996491228070175,3,0.15000000000000002
1755749099.4508588,-1.393,-0.225,9.66,0.5424791516731311,8.310526765941539,0.601654135338346,3,0.15000000000000002
1755749099.4787855,-1.393,-0.225,9.66,0.5424791516731311,8.310526765941539,0.601654135338346,3,0.15000000000000002
1755749099.5066383,-1.377,-0.216,9.666,0.546830826215933,8.20549534097354,0.6024561403508771,3,0.15000000000000002
1755749099.534907,-1.377,-0.216,9.666,0.546830826215933,8.20549534097354,0.6024561403508771,3,0.15000000000000002
1755749099.5623462,-1.372,-0.21,9.676,0.5511169680748361,8.16313422487671,0.6027067669172933,3,0.15000000000000002
1755749099.5902166,-1.372,-0.21,9.676,0.5511169680748361,8.16313422487671,0.6027067669172933,3,0.15000000000000002
1755749099.618219,-1.372,-0.21,9.676,0.5511169680748361,8.16313422487671,0.6027067669172933,3,0.15000000000000002
1755749099.6465042,-1.372,-0.21,9.676,0.5511169680748361,8.16313422487671,0.6027067669172933,3,0.15000000000000002
1755749099.6748798,-1.372,-0.21,9.676,0.5511169680748361,8.16313422487671,0.6027067669172933,3,0.15000000000000002
1755749099.7028673,-1.372,-0.21,9.676,0.5511169680748361,8.16313422487671,0.6027067669172933,3,0.15000000000000002
1755749099.7312548,-1.39,-0.205,9.671,0.5554819191476893,8.26628883298944,0.603609022556391,3,0.15000000000000002
1755749099.7594473,-1.425,-0.201,9.673,0.5600327892186314,8.462141717933171,0.6053634085213032,3,0.15000000000000002
1755749099.7877004,-1.425,-0.208,9.684,0.5645469754590844,8.458424591720465,0.6053634085213032,3,0.15000000000000002
1755749099.8159814,-1.42,-0.207,9.693,0.5689941014632752,8.421233206625326,0.6056140350877193,3,0.15000000000000002
1755749099.8446417,-1.382,-0.225,9.728,0.5731745785535154,8.190593830709886,0.6075187969924811,3,0.15000000000000002
1755749099.8729584,-1.363,-0.229,9.733,0.5772118501902053,8.082068939714606,0.608471177944862,3,0.15000000000000002
1755749099.9015245,-1.363,-0.229,9.733,0.5772118501902053,8.082068939714606,0.608471177944862,3,0.15000000000000002
1755749099.930169,-1.351,-0.219,9.721,0.5811510324347707,8.01408868402343,0.6090726817042607,3,0.15000000000000002
