timestamp,robot_x,robot_y,ref_x,ref_y,error
1757657140.8265193,-1.1595667779470453,-0.030340683947257308,-1.152270049174006,-0.07966029299577315,0.04985645482267812
1757657140.9291399,-1.1596100038069808,-0.030330036848267627,-1.152270049174006,-0.07966029299577315,0.049873330604568944
1757657141.0297189,-1.15960252481751,-0.030254896354772076,-1.152270049174006,-0.07966029299577315,0.0499465556001334
1757657141.1303065,-1.1596022443880178,-0.03043677666033895,-1.152270049174006,-0.07966029299577315,0.049766611770153034
1757657141.2308748,-1.1597033482492762,-0.030158414785196097,-1.152270049174006,-0.07966029299577315,0.05005686647720985
1757657141.3314574,-1.1597084974886107,-0.03006718125134089,-1.152270049174006,-0.07966029299577315,0.05014785385063641
1757657141.4320502,-1.1595785751789678,-0.030207911962848222,-1.152270049174006,-0.07966029299577315,0.049989524324510176
1757657141.5326,-1.1595138938780956,-0.030171865075527715,-1.152270049174006,-0.07966029299577315,0.05001577535252545
1757657141.6331313,-1.1595372309274685,-0.030320444949543335,-1.152270049174006,-0.07966029299577315,0.04987216193291509
1757657141.733674,-1.1598710416766203,-0.03021653509225919,-1.152270049174006,-0.07966029299577315,0.05002459677644684
1757657141.8341742,-1.159664214406005,-0.03034234640427247,-1.152270049174006,-0.07966029299577315,0.04986916417467025
1757657141.934699,-1.1595918666312244,-0.03024591808880095,-1.152270049174006,-0.07966029299577315,0.049953873306517786
1757657142.0351365,-1.159656081207439,-0.030131391820241715,-1.152270049174006,-0.07966029299577315,0.05007659653824785
1757657142.135664,-1.1595335183919289,-0.03023371975419964,-1.152270049174006,-0.07966029299577315,0.04995742314695927
1757657142.2361352,-1.1595719469304837,-0.03027253344321601,-1.152270049174006,-0.07966029299577315,0.0499246282356439
1757657142.3366408,-1.1595152821998602,-0.030237384628953645,-1.152270049174006,-0.07966029299577315,0.04995114886600672
1757657142.4371436,-1.1596470177248661,-0.030171890201852514,-1.152270049174006,-0.07966029299577315,0.05003520436746221
1757657142.5376866,-1.1595647481677767,-0.0301737821224084,-1.152270049174006,-0.07966029299577315,0.05002126939442226
1757657142.63814,-1.1596181199350317,-0.03028718494099092,-1.152270049174006,-0.07966029299577315,0.04991691039014977
1757657142.7386663,-1.159511274609693,-0.030313575753814326,-1.152270049174006,-0.07966029299577315,0.049875182690074175
1757657142.8392448,-1.159570765021145,-0.03029274646823832,-1.152270049174006,-0.07966029299577315,0.0499044597408787
1757657142.9398098,-1.1597618140051418,-0.030211907561554674,-1.152270049174006,-0.07966029299577315,0.0500126920124889
1757657143.0403686,-1.159726761585011,-0.030239054766147633,-1.152270049174006,-0.07966029299577315,0.04998060972146933
1757657143.1408927,-1.1597837126467259,-0.030314231078724996,-1.152270049174006,-0.07966029299577315,0.04991481709374916
1757657143.2414331,-1.159703453528866,-0.03024763437059741,-1.152270049174006,-0.07966029299577315,0.049968653501080096
1757657143.3419514,-1.159579588029678,-0.03028832011249305,-1.152270049174006,-0.07966029299577315,0.0499101298803151
1757657143.4424942,-1.1596823829949081,-0.030129270494733573,-1.152270049174006,-0.07966029299577315,0.050082580631103435
1757657143.5430322,-1.1595802278360994,-0.03036210898552727,-1.152270049174006,-0.07966029299577315,0.04983723165244822
1757657143.6436703,-1.159839059556391,-0.0301724839754407,-1.152270049174006,-0.07966029299577315,0.05006329153982535
1757657143.7442167,-1.1596306018491687,-0.030307151543911393,-1.152270049174006,-0.07966029299577315,0.049899001060655694
1757657143.8447897,-1.1596700803930977,-0.030004318986509904,-1.152270049174006,-0.07966029299577315,0.05020434460136052
1757657143.9453428,-1.1597625246602417,-0.0299912932029911,-1.152270049174006,-0.07966029299577315,0.050230933988203164
1757657144.0459166,-1.1598750379927034,-0.03004409002653252,-1.152270049174006,-0.07966029299577315,0.0501956517242021
1757657144.1464896,-1.1598466245181795,-0.030184434516194902,-1.152270049174006,-0.07966029299577315,0.05005262297060157
1757657144.2470617,-1.1596307036135294,-0.03028137818760479,-1.152270049174006,-0.07966029299577315,0.049924507623114546
1757657144.3476381,-1.1598114848607322,-0.030153827069877792,-1.152270049174006,-0.07966029299577315,0.05007757402958797
1757657144.4482322,-1.1597332907027553,-0.030067516417245588,-1.152270049174006,-0.07966029299577315,0.0501512059963088
1757657144.5488565,-1.1597488384951653,-0.030127368316967718,-1.152270049174006,-0.07966029299577315,0.0500943401687905
1757657144.64947,-1.1597102772576335,-0.030260227326021294,-1.152270049174006,-0.07966029299577315,0.049957216516857646
1757657144.750072,-1.1598176624189482,-0.030041202991060056,-1.152270049174006,-0.07966029299577315,0.0501898451740095
1757657144.8506749,-1.1611969154932755,-0.021240465765816396,-1.152270049174006,-0.07966029299577315,0.0590979285242732
1757657144.951233,-1.1603822686291294,-0.010026804322727734,-1.152270049174006,-0.07966029299577315,0.07010442817160144
1757657145.0518005,-1.162958049799,-0.0004048038569690604,-1.152270049174006,-0.07966029299577315,0.07997290738738315
1757657145.1524327,-1.161836055405328,0.009305198298541706,-1.152270049174006,-0.07966029299577315,0.08947830528377536
1757657145.253001,-1.1617639792832475,0.01992496068216565,-1.152270049174006,-0.07966029299577315,0.1000367805310556
1757657145.3535905,-1.1624765866734976,0.030643682489479462,-1.152270049174006,-0.07966029299577315,0.11077517960075595
1757657145.4541478,-1.1631124595415705,0.04080802046825027,-1.152270049174006,-0.07966029299577315,0.12095524962334159
1757657145.5547564,-1.1627468570478323,0.051405149344114776,-1.152270049174006,-0.07966029299577315,0.13148351105357492
1757657145.655379,-1.163770104298845,0.06264292359393409,-1.152270049174006,-0.07966029299577315,0.14276714159655737
1757657145.7560236,-1.1653041934127066,0.07117938112749223,-1.152270049174006,-0.07966029299577315,0.15140177081410952
1757657145.8566132,-1.1649431228593554,0.0813577551339022,-1.152270049174006,-0.07966029299577315,0.1615160011272095
1757657145.9571424,-1.1648206609286327,0.09199707558246739,-1.152270049174006,-0.07966029299577315,0.17211557176101555
1757657146.0577528,-1.1654808725025665,0.10197400920194144,-1.152270049174006,-0.07966029299577315,0.18211410046415719
1757657146.1583118,-1.1656898692103208,0.11256253348599399,-1.152270049174006,-0.07966029299577315,0.19269070187854587
1757657146.2589033,-1.1657788424727102,0.12302090273754951,-1.152270049174006,-0.07966029299577315,0.20313088046940714
1757657146.3594396,-1.1658234469889825,0.13433382252093096,-1.152270049174006,-0.07966029299577315,0.21442289072789666
1757657146.4599779,-1.1681043672153326,0.14324127744546533,-1.152270049174006,-0.07966029299577315,0.22346327602763788
1757657146.560623,-1.1677050610126039,0.15312511620374925,-1.152270049174006,-0.07966029299577315,0.23329656304079308
1757657146.6611414,-1.1674163073715318,0.1638875764736003,-1.152270049174006,-0.07966029299577315,0.2440183883654203
1757657146.7617366,-1.1680631613368713,0.17457700336602266,-1.152270049174006,-0.07966029299577315,0.2547273547406019
1757657146.862336,-1.1684527641010365,0.18468757699775817,-1.152270049174006,-0.07966029299577315,0.26484273943706005
1757657146.962844,-1.1689127095370044,0.19522551231279406,-1.152270049174006,-0.07966029299577315,0.2753891503020728
1757657147.0634248,-1.1697535229138434,0.20631750604001098,-1.152270049174006,-0.07966029299577315,0.286511733434013
1757657147.1639447,-1.1719276514876642,0.21597141960082877,-1.152270049174006,-0.07966029299577315,0.2962845436763818
1757657147.2645226,-1.1702255442468095,0.22589503001546474,-1.152270049174006,-0.07966029299577315,0.30608243207314495
1757657147.3650675,-1.1708965920877805,0.23677918315113577,-1.1739084623436271,0.5374109163286287,0.3006468199661213
1757657147.4656804,-1.1714585296485354,0.24714212091618493,-1.1739084623436271,0.5374109163286287,0.2902791342146411
1757657147.566148,-1.1715254242648798,0.25740841984566676,-1.1739084623436271,0.5374109163286287,0.280012637049073
1757657147.666729,-1.1720689059378893,0.26797145836268044,-1.1739084623436271,0.5374109163286287,0.269445737536807
1757657147.7673228,-1.17291072505103,0.27825303998550643,-1.1739084623436271,0.5374109163286287,0.25915979694077185
1757657147.8680434,-1.1752193773322361,0.28809666033148806,-1.1739084623436271,0.5374109163286287,0.24931770242306328
1757657147.9687939,-1.1728430303644195,0.29763346135804636,-1.1739084623436271,0.5374109163286287,0.23977982203987047
1757657148.0693872,-1.1733462350866786,0.3092237936140889,-1.1739084623436271,0.5374109163286287,0.22818781534566848
1757657148.1699297,-1.1733565089329572,0.3189255881503622,-1.1739084623436271,0.5374109163286287,0.21848602536943262
1757657148.270539,-1.1736896827119279,0.3294209198235999,-1.1739084623436271,0.5374109163286287,0.20799011156949057
1757657148.3711002,-1.1737986680579278,0.3402172740624795,-1.1739084623436271,0.5374109163286287,0.1971936728320034
1757657148.47171,-1.1744861006822687,0.35031394721626863,-1.1739084623436271,0.5374109163286287,0.18709786080306126
1757657148.5722895,-1.1768399253251156,0.36046052529378014,-1.1739084623436271,0.5374109163286287,0.17697467152843552
1757657148.6728768,-1.174614765242685,0.3696813211241168,-1.1739084623436271,0.5374109163286287,0.16773108230514297
1757657148.7734327,-1.174748924815005,0.3810707893381263,-1.1739084623436271,0.5374109163286287,0.15634238607803133
1757657148.8740203,-1.1755750579782906,0.3911027137381815,-1.1739084623436271,0.5374109163286287,0.14631769437172257
1757657148.9746199,-1.1758398147075382,0.4013597166562374,-1.1739084623436271,0.5374109163286287,0.13606490750465558
1757657149.075191,-1.1755906312742854,0.4123834137105509,-1.1739084623436271,0.5374109163286287,0.12503881838543074
1757657149.1758018,-1.1768558045245752,0.42237335520297137,-1.1739084623436271,0.5374109163286287,0.11507531140809893
1757657149.2764022,-1.1789309515239954,0.43248805433657234,-1.1739084623436271,0.5374109163286287,0.10504300246171099
1757657149.3769476,-1.1771009818452822,0.44157971714709554,-1.1739084623436271,0.5374109163286287,0.09588436221480084
1757657149.4775784,-1.1775452652452982,0.45282147931178807,-1.1739084623436271,0.5374109163286287,0.0846675805144546
1757657149.5781412,-1.178130328796582,0.46346565044949706,-1.1739084623436271,0.5374109163286287,0.07406569045301648
1757657149.6786923,-1.178457308744121,0.4733815830303243,-1.1739084623436271,0.5374109163286287,0.06419071214903788
1757657149.7792351,-1.178715084345832,0.4842792697824917,-1.1739084623436271,0.5374109163286287,0.05334862209819212
1757657149.8798459,-1.1795783993115574,0.49466869016697934,-1.1739084623436271,0.5374109163286287,0.043116656670872396
1757657149.9804251,-1.1816649604544864,0.5042170890495961,-1.1739084623436271,0.5374109163286287,0.034088024764923175
1757657150.081005,-1.1790653093269532,0.5128578891357278,-1.1739084623436271,0.5374109163286287,0.025088726853803655
1757657150.1816297,-1.180475940311047,0.5206828111107307,-1.1739084623436271,0.5374109163286287,0.01797112325464417
1757657150.2822056,-1.1802413100622084,0.5308751728047968,-1.1739084623436271,0.5374109163286287,0.009100599081162269
1757657150.382783,-1.1803545534805477,0.541564661465248,-1.1739084623436271,0.5374109163286287,0.007668486787200902
1757657150.4834075,-1.1802844042546217,0.5518376033340038,-1.1739084623436271,0.5374109163286287,0.015772822613705995
1757657150.5840006,-1.180253133468671,0.562016730347501,-1.1739084623436271,0.5374109163286287,0.025410646099938074
1757657150.6846051,-1.1826050796136818,0.5718374221869266,-1.1739084623436271,0.5374109163286287,0.035507963297734084
1757657150.7851458,-1.1814032458177866,0.581640915794438,-1.1739084623436271,0.5374109163286287,0.04486050191504799
1757657150.8857436,-1.1814764069603798,0.592496352806907,-1.1739084623436271,0.5374109163286287,0.05560286950980745
1757657150.9863386,-1.1823184200617263,0.6027294983603549,-1.1739084623436271,0.5374109163286287,0.06585775996384606
1757657151.0868993,-1.182332125939388,0.6128942492496192,-1.1739084623436271,0.5374109163286287,0.07595190357874934
1757657151.1874962,-1.1822526581965702,0.6234832569412222,-1.1739084623436271,0.5374109163286287,0.08647585456624632
1757657151.2880673,-1.1827193502396889,0.6336653240453504,-1.1739084623436271,0.5374109163286287,0.09665682981773122
1757657151.3886106,-1.1840577795495193,0.6434573663142568,-1.1739084623436271,0.5374109163286287,0.10653101986886324
1757657151.4891362,-1.183296996502959,0.653643185826165,-1.1739084623436271,0.5374109163286287,0.11661082731122717
1757657151.5897324,-1.1826689205955565,0.6643372844978238,-1.1739084623436271,0.5374109163286287,0.12722833240047543
1757657151.6902783,-1.183596468162782,0.6739657291630996,-1.1739084623436271,0.5374109163286287,0.13689804368583708
1757657151.790805,-1.1840371725475363,0.6843339670852082,-1.1739084623436271,0.5374109163286287,0.14727176787835208
1757657151.8913598,-1.1839506378207119,0.6952578763972598,-1.1739084623436271,0.5374109163286287,0.1581660775615953
1757657151.9919395,-1.1846031572887765,0.7051302096434511,-1.1739084623436271,0.5374109163286287,0.16805992339041817
1757657152.0925367,-1.1862382390192518,0.7149044693719261,-1.1739084623436271,0.5374109163286287,0.17792128811585364
1757657152.1930978,-1.185023916294273,0.7252242554770646,-1.1739084623436271,0.5374109163286287,0.1881419774495164
1757657152.2936902,-1.1848876402728847,0.7359603517740787,-1.1739084623436271,0.5374109163286287,0.19885276126749965
1757657152.3942988,-1.1859209768821717,0.7461107033883403,-1.1739084623436271,0.5374109163286287,0.20904521430615844
1757657152.494862,-1.1858736421225298,0.7564567215610617,-1.1739084623436271,0.5374109163286287,0.2193723554075728
1757657152.5954857,-1.1854433789177359,0.7672396206183515,-1.1739084623436271,0.5374109163286287,0.23011798629369346
1757657152.6960623,-1.1863556657537462,0.7776141060210918,-1.1739084623436271,0.5374109163286287,0.2405254772600323
1757657152.7966552,-1.1879846253974073,0.787114167120342,-1.1739084623436271,0.5374109163286287,0.2500996837708234
1757657152.8972065,-1.1865546356639922,0.7972996149302618,-1.1739084623436271,0.5374109163286287,0.26019619782098896
1757657152.99777,-1.1873439346812908,0.8079732121978411,-1.1739084623436271,0.5374109163286287,0.270895677084289
1757657153.0983388,-1.1879770688732183,0.8184439941954569,-1.1739084623436271,0.5374109163286287,0.28138499701474345
1757657153.198986,-1.1881150720824674,0.828567535974351,-1.1739084623436271,0.5374109163286287,0.29150301014534225
1757657153.2995598,-1.1882855524601392,0.8390291242519465,-1.1739084623436271,0.5374109163286287,0.3019606664304013
1757657153.4000866,-1.1890661667502609,0.8496675671565956,-1.193836911782843,1.1464109179900752,0.2967816980072179
1757657153.5006313,-1.1904395471505202,0.8593529894505612,-1.193836911782843,1.1464109179900752,0.2870780319422608
1757657153.60119,-1.18854845297799,0.8688388514449412,-1.193836911782843,1.1464109179900752,0.2776224413167403
1757657153.701827,-1.1897613204070108,0.8802761910463268,-1.193836911782843,1.1464109179900752,0.26616593194938803
1757657153.802486,-1.1904922265718425,0.8909064341058577,-1.193836911782843,1.1464109179900752,0.2555263747719618
1757657153.9030738,-1.190411723193951,0.9007830417311493,-1.193836911782843,1.1464109179900752,0.24565175658305333
1757657154.0037034,-1.1903958848076999,0.9117927747485846,-1.193836911782843,1.1464109179900752,0.23464337579554273
1757657154.1043015,-1.1919255825678308,0.9218075046336358,-1.193836911782843,1.1464109179900752,0.2246115457200091
1757657154.204872,-1.1928133341468936,0.9237997050189652,-1.193836911782843,1.1464109179900752,0.22261356618958714
1757657154.305481,-1.191470254694093,0.9269670006695664,-1.193836911782843,1.1464109179900752,0.2194566789021151
1757657154.40605,-1.1963470192919152,0.9399960828408037,-1.193836911782843,1.1464109179900752,0.20643009666569465
1757657154.5066512,-1.1921176605711663,0.9478631765481325,-1.193836911782843,1.1464109179900752,0.1985551849144852
1757657154.6073089,-1.1929425603452841,0.9575848602628324,-1.193836911782843,1.1464109179900752,0.18882817570825042
1757657154.7078981,-1.192957969946158,0.9676474575284956,-1.193836911782843,1.1464109179900752,0.17876562123336528
1757657154.8084755,-1.1925724704313105,0.9781676781672978,-1.193836911782843,1.1464109179900752,0.1682479912450549
1757657154.9090562,-1.1926403343051164,0.9888429363263612,-1.193836911782843,1.1464109179900752,0.1575725250265309
1757657155.009653,-1.1943932414258969,0.9987509319569678,-1.193836911782843,1.1464109179900752,0.14766103405424602
1757657155.110306,-1.1962304549538065,1.008704891284709,-1.193836911782843,1.1464109179900752,0.1377268268707673
1757657155.2109141,-1.1939765256429773,1.017727532141719,-1.193836911782843,1.1464109179900752,0.128683461584723
1757657155.3114965,-1.1954492549283282,1.0289316881320398,-1.193836911782843,1.1464109179900752,0.11749029363507399
1757657155.4120858,-1.1955499814547097,1.0397514941939785,-1.193836911782843,1.1464109179900752,0.10667317981674697
1757657155.512663,-1.1957167334355567,1.0500780120155413,-1.193836911782843,1.1464109179900752,0.0963512454664931
1757657155.613144,-1.195586972794202,1.0605785038205422,-1.193836911782843,1.1464109179900752,0.08585025355649063
1757657155.7137372,-1.1977090916150157,1.070315976918879,-1.193836911782843,1.1464109179900752,0.0761933975701406
1757657155.8142095,-1.198943184719858,1.080402052792727,-1.193836911782843,1.1464109179900752,0.06620607455474904
1757657155.9147801,-1.1971625985494303,1.0897884323522542,-1.193836911782843,1.1464109179900752,0.056720067632846684
1757657156.0153873,-1.1988181827862265,1.1011434263508033,-1.193836911782843,1.1464109179900752,0.04554073846701108
1757657156.1159656,-1.1991063904184485,1.111536985939976,-1.193836911782843,1.1464109179900752,0.03526979645144048
1757657156.2165568,-1.199052949800395,1.1218261195374613,-1.193836911782843,1.1464109179900752,0.02513203866693267
1757657156.3171384,-1.1994784845666497,1.1323360681881955,-1.193836911782843,1.1464109179900752,0.015163401347338344
1757657156.4177332,-1.2012146287544423,1.1427114243851253,-1.193836911782843,1.1464109179900752,0.00825329998522355
1757657156.5183349,-1.202958303490731,1.1523878967061387,-1.193836911782843,1.1464109179900752,0.010905230912777833
1757657156.6188965,-1.2009291590082563,1.1620724897324688,-1.193836911782843,1.1464109179900752,0.017192579799102995
1757657156.719485,-1.2020990466175707,1.1740080602830845,-1.193836911782843,1.1464109179900752,0.028807379866413095
1757657156.8200176,-1.2020991387497515,1.1832971227249935,-1.193836911782843,1.1464109179900752,0.03780021817660611
1757657156.9206724,-1.2020324513581926,1.1938812823348566,-1.193836911782843,1.1464109179900752,0.0481726308183123
1757657157.0211394,-1.2018532010854917,1.203943515922378,-1.193836911782843,1.1464109179900752,0.05808838712706492
1757657157.1217337,-1.2034442382590236,1.2144889389287612,-1.193836911782843,1.1464109179900752,0.06875258291110298
1757657157.2223244,-1.203853354408415,1.224301152772541,-1.193836911782843,1.1464109179900752,0.0785316356466552
1757657157.3229015,-1.203394972023902,1.2341373387716528,-1.193836911782843,1.1464109179900752,0.08824557449933747
1757657157.423518,-1.2038139782699941,1.2447191117358802,-1.193836911782843,1.1464109179900752,0.09881317125389598
1757657157.5241408,-1.2038224492611533,1.255078741444378,-1.193836911782843,1.1464109179900752,0.10912564690771032
1757657157.6247087,-1.2039099220242435,1.2655277478715141,-1.193836911782843,1.1464109179900752,0.11954197880379519
1757657157.7251453,-1.2046719187346617,1.2760898301354515,-1.193836911782843,1.1464109179900752,0.13013077126819078
1757657157.8257678,-1.2065513032418145,1.2861072075310902,-1.193836911782843,1.1464109179900752,0.14027369340578105
1757657157.926447,-1.2058164312658821,1.2961726898954882,-1.193836911782843,1.1464109179900752,0.15024013182666424
1757657158.0270162,-1.2049255412663753,1.3061524405392597,-1.193836911782843,1.1464109179900752,0.1601259246035903
1757657158.1276207,-1.207587517438509,1.317614536074033,-1.193836911782843,1.1464109179900752,0.1717549358852179
1757657158.228147,-1.2069253801377315,1.3280331426845002,-1.193836911782843,1.1464109179900752,0.18209321927746
1757657158.3287892,-1.206128420054384,1.3376258480025758,-1.193836911782843,1.1464109179900752,0.1916095786626411
1757657158.4294312,-1.2069309369499293,1.3478163141582922,-1.193836911782843,1.1464109179900752,0.20183059010158175
1757657158.5300055,-1.2090759671324554,1.3576194189767103,-1.193836911782843,1.1464109179900752,0.21175754932698387
1757657158.63059,-1.2073634869012748,1.367107458481386,-1.193836911782843,1.1464109179900752,0.22111067640271778
1757657158.731145,-1.203993409476609,1.3746660482913469,-1.193836911782843,1.1464109179900752,0.22848098160296398
1757657158.8317533,-1.2054535351869458,1.38571995396005,-1.193836911782843,1.1464109179900752,0.23959081918176964
1757657158.932373,-1.2090152292366034,1.399150663389734,-1.193836911782843,1.1464109179900752,0.2531951030833958
1757657159.0330396,-1.209644351861022,1.4096569682271989,-1.193836911782843,1.1464109179900752,0.2637202269968526
1757657159.133711,-1.2105551575023767,1.420227347343288,-1.193836911782843,1.1464109179900752,0.2743263325378767
1757657159.2343562,-1.2115856593406096,1.429238499991451,-1.193836911782843,1.1464109179900752,0.28338394305361453
1757657159.3349712,-1.2109861218370663,1.4397424660446192,-1.193836911782843,1.1464109179900752,0.29383242246144164
1757657159.435619,-1.2112745341982913,1.450166244125965,-1.206631207105209,1.7429320682086997,0.29280264383597376
1757657159.5361454,-1.2122513510176138,1.4609291669267614,-1.206631207105209,1.7429320682086997,0.28205889872334605
1757657159.6366794,-1.2126238162087632,1.4705667449530653,-1.206631207105209,1.7429320682086997,0.27243124027176885
1757657159.7371423,-1.212395785722042,1.481714710642056,-1.206631207105209,1.7429320682086997,0.2612809565596571
1757657159.8376877,-1.2136888753728752,1.4923327818605618,-1.206631207105209,1.7429320682086997,0.2506986497761255
1757657159.9382997,-1.2153185837799665,1.5019202762711195,-1.206631207105209,1.7429320682086997,0.24116831128167024
1757657160.038838,-1.2129903003024205,1.5118050762403625,-1.206631207105209,1.7429320682086997,0.23121445560912196
1757657160.1394517,-1.2131883633441223,1.521963274123305,-1.206631207105209,1.7429320682086997,0.22106606310669927
1757657160.2400355,-1.214088735812066,1.5329263428656899,-1.206631207105209,1.7429320682086997,0.21013809604937722
1757657160.3406167,-1.2143327446836467,1.5434305930260885,-1.206631207105209,1.7429320682086997,0.1996500745832821
1757657160.441141,-1.2147202487481374,1.5539527689297854,-1.206631207105209,1.7429320682086997,0.18915234111860868
1757657160.5416873,-1.2159030653868383,1.5645333085152655,-1.206631207105209,1.7429320682086997,0.17863953878173308
1757657160.6422708,-1.2175754100466265,1.5743015571927996,-1.206631207105209,1.7429320682086997,0.16898527990184983
1757657160.7428517,-1.2156143159053534,1.58414271980405,-1.206631207105209,1.7429320682086997,0.15904324383792115
1757657160.843496,-1.21621768386445,1.5940445211306429,-1.206631207105209,1.7429320682086997,0.1491958518578049
1757657160.944052,-1.216412850847373,1.6048927794857808,-1.206631207105209,1.7429320682086997,0.13838542475791296
1757657161.0446398,-1.2161396792532486,1.6153497828428367,-1.206631207105209,1.7429320682086997,0.12793611914454242
1757657161.1451726,-1.2156226166312605,1.6249077779476095,-1.206631207105209,1.7429320682086997,0.11836628969811987
1757657161.245749,-1.2165193918194146,1.6348223899634557,-1.206631207105209,1.7429320682086997,0.1085609447602241
1757657161.3463595,-1.2191159198441375,1.6455003237561727,-1.206631207105209,1.7429320682086997,0.09822837105050704
1757657161.4469118,-1.2147426615815047,1.6547163255679944,-1.206631207105209,1.7429320682086997,0.0885878825989885
1757657161.5474887,-1.2174838609759586,1.6649460476363718,-1.206631207105209,1.7429320682086997,0.07873753552623967
1757657161.6480703,-1.2177679689269347,1.6767016550498282,-1.206631207105209,1.7429320682086997,0.0671602195579249
1757657161.7486327,-1.2181431500637994,1.6873834366286338,-1.206631207105209,1.7429320682086997,0.05672896351159379
1757657161.8493035,-1.2171866911254838,1.6976010179970702,-1.206631207105209,1.7429320682086997,0.04654376817782973
1757657161.9499178,-1.218755939484021,1.7096229965757068,-1.206631207105209,1.7429320682086997,0.03544719154333198
1757657162.0505748,-1.222000367110809,1.7198168127231597,-1.206631207105209,1.7429320682086997,0.02775835217442718
1757657162.151143,-1.2177163286660602,1.7270891042158603,-1.206631207105209,1.7429320682086997,0.01933596204219628
1757657162.25172,-1.2206782818343331,1.7389945140578429,-1.206631207105209,1.7429320682086997,0.014588510586640707
1757657162.3524532,-1.2204313986868887,1.7481899258766864,-1.206631207105209,1.7429320682086997,0.01476788254787628
1757657162.4530356,-1.2200077965651772,1.7587186602917435,-1.206631207105209,1.7429320682086997,0.02069177699418186
1757657162.5536346,-1.2202694667808294,1.7700374609996516,-1.206631207105209,1.7429320682086997,0.030343111991544987
1757657162.6542666,-1.2216066477450067,1.7801760202759294,-1.206631207105209,1.7429320682086997,0.04014194549274118
1757657162.7548664,-1.2238454253055575,1.7905620185480045,-1.206631207105209,1.7429320682086997,0.05064525128354923
1757657162.855424,-1.220750002876051,1.7977995324893046,-1.206631207105209,1.7429320682086997,0.05665491179590869
1757657162.956052,-1.2226541775398694,1.8016583347065973,-1.206631207105209,1.7429320682086997,0.0608729000322154
1757657163.05665,-1.2221575307650328,1.8129339137368996,-1.206631207105209,1.7429320682086997,0.07170303413206139
1757657163.1571398,-1.2223180038292691,1.8235669218925499,-1.206631207105209,1.7429320682086997,0.08214654721945353
1757657163.257688,-1.2225608151616654,1.8335483979320046,-1.206631207105209,1.7429320682086997,0.09200582386650875
1757657163.3582842,-1.222227811917273,1.8441504681652456,-1.206631207105209,1.7429320682086997,0.1024129804830764
1757657163.4588661,-1.2231634083823266,1.8540896976454015,-1.206631207105209,1.7429320682086997,0.11238030192633516
1757657163.5594106,-1.2246824565093384,1.8639092676061255,-1.206631207105209,1.7429320682086997,0.12231651719655282
1757657163.6599858,-1.2227243687792198,1.8732763734694202,-1.206631207105209,1.7429320682086997,0.13133403125833662
1757657163.7605646,-1.2236250509595317,1.8850068245809437,-1.206631207105209,1.7429320682086997,0.1430874806793997
1757657163.8611252,-1.22402527889293,1.8953033608442724,-1.206631207105209,1.7429320682086997,0.15336089642666975
1757657163.961719,-1.2236204246096027,1.9052220215690168,-1.206631207105209,1.7429320682086997,0.16317678288624726
1757657164.0623147,-1.2247635188862918,1.9158303719199137,-1.206631207105209,1.7429320682086997,0.1738464959576165
1757657164.1629043,-1.225829936665696,1.9259512506333722,-1.206631207105209,1.7429320682086997,0.18402340164265052
1757657164.2635405,-1.2254963033176989,1.9357008404947624,-1.206631207105209,1.7429320682086997,0.1936896781549869
1757657164.3640606,-1.224451391767034,1.9446644461928684,-1.206631207105209,1.7429320682086997,0.2025179283632169
1757657164.4647038,-1.2262072269258413,1.955286308952521,-1.206631207105209,1.7429320682086997,0.21325464617190076
1757657164.5651407,-1.2262839518549011,1.9662473970039263,-1.206631207105209,1.7429320682086997,0.2241784254809474
1757657164.6656897,-1.2260886207069202,1.976435617394921,-1.206631207105209,1.7429320682086997,0.23431282172905107
1757657164.7661383,-1.226833820307303,1.986680669020048,-1.206631207105209,1.7429320682086997,0.24458439438705704
1757657164.8666637,-1.2280029769240886,1.9972718446028193,-1.206631207105209,1.7429320682086997,0.25523611500217186
1757657164.9671519,-1.229204109884136,2.007596737575901,-1.206631207105209,1.7429320682086997,0.2656255318133348
1757657165.067729,-1.2276267730208315,2.016592761206714,-1.206631207105209,1.7429320682086997,0.2744649133865212
1757657165.1682916,-1.2282087787703897,2.027635226030165,-1.206631207105209,1.7429320682086997,0.28551966599952466
1757657165.2688613,-1.228706910733907,2.038099765094664,-1.206631207105209,1.7429320682086997,0.29599207079863904
1757657165.3694725,-1.22874188029586,2.0487106788100418,-1.2302142128298577,2.3525561451458135,0.3038490335279894
1757657165.4700222,-1.229258217367086,2.059286635613569,-1.2302142128298577,2.3525561451458135,0.2932710676978007
1757657165.5706046,-1.230379934293596,2.069352393588934,-1.2302142128298577,2.3525561451458135,0.2832038000442334
1757657165.6711416,-1.230907759359689,2.0795552290021986,-1.2302142128298577,2.3525561451458135,0.2730017971040522
1757657165.7717276,-1.2303465804829408,2.0891448011273743,-1.2302142128298577,2.3525561451458135,0.26341137727667735
1757657165.872285,-1.2311669082941947,2.099764087363091,-1.2302142128298577,2.3525561451458135,0.25279385298434587
1757657165.9728715,-1.231713243545437,2.1103451390364323,-1.2302142128298577,2.3525561451458135,0.24221564477466134
1757657166.0735323,-1.2319612861756652,2.120578380693394,-1.2302142128298577,2.3525561451458135,0.23198434314758773
1757657166.1741424,-1.2322169752945547,2.13153129449967,-1.2302142128298577,2.3525561451458135,0.22103392423028664
1757657166.2747645,-1.2340471010834515,2.141884460303825,-1.2302142128298577,2.3525561451458135,0.21070654908314232
1757657166.375373,-1.2335165519684388,2.1505920647337637,-1.2302142128298577,2.3525561451458135,0.20199107708131833
1757657166.4759457,-1.2319418149193904,2.16110530190247,-1.2302142128298577,2.3525561451458135,0.1914586377982643
1757657166.5764523,-1.233789003743132,2.1721028677581717,-1.2302142128298577,2.3525561451458135,0.18048868233220275
1757657166.6770194,-1.2341245480386605,2.182659411090815,-1.2302142128298577,2.3525561451458135,0.16994172814232567
1757657166.777554,-1.2348855631860984,2.1930863814688073,-1.2302142128298577,2.3525561451458135,0.15953816797666615
1757657166.8781347,-1.2349769469628737,2.2036305241465626,-1.2302142128298577,2.3525561451458135,0.14900175913872396
1757657166.9786918,-1.2370237978087784,2.2136712241995133,-1.2302142128298577,2.3525561451458135,0.13905175911812542
1757657167.0792615,-1.2360201233327914,2.224231649176116,-1.2302142128298577,2.3525561451458135,0.12845577006364864
1757657167.179804,-1.2360774783549797,2.234121252462573,-1.2302142128298577,2.3525561451458135,0.11857993796384254
1757657167.2804618,-1.2365652113503742,2.2449888165405922,-1.2302142128298577,2.3525561451458135,0.10775465356758959
1757657167.3810403,-1.2358319130028148,2.2554287894615985,-1.2302142128298577,2.3525561451458135,0.09728967970674608
1757657167.4816468,-1.2357056122046346,2.2650941444107584,-1.2302142128298577,2.3525561451458135,0.08763422299348624
1757657167.5822344,-1.2360473111110375,2.275456576520975,-1.2302142128298577,2.3525561451458135,0.0773199102281816
1757657167.6828897,-1.2379264672572232,2.285962275153717,-1.2302142128298577,2.3525561451458135,0.06703896172284174
1757657167.7834535,-1.2364201234248147,2.2953742683444376,-1.2302142128298577,2.3525561451458135,0.05751765260196497
1757657167.884021,-1.237102211981733,2.3060775401034266,-1.2302142128298577,2.3525561451458135,0.04698622414072476
1757657167.9846015,-1.2373725658987431,2.3167202737586763,-1.2302142128298577,2.3525561451458135,0.03654383254031053
1757657168.0851498,-1.2384695696343455,2.3272393670860554,-1.2302142128298577,2.3525561451458135,0.02662874700950932
1757657168.1857314,-1.2382721267372954,2.3368127868418043,-1.2302142128298577,2.3525561451458135,0.01768568085282818
1757657168.2863445,-1.2388871627134845,2.3473882951724616,-1.2302142128298577,2.3525561451458135,0.010095877031292336
1757657168.386932,-1.240725025769464,2.35745087479196,-1.2302142128298577,2.3525561451458135,0.011594635266374683
1757657168.4875627,-1.2382889667252341,2.3662091636541884,-1.2302142128298577,2.3525561451458135,0.015862110983753935
1757657168.5881655,-1.2401826941365677,2.3784078217776567,-1.2302142128298577,2.3525561451458135,0.027707035284194874
1757657168.6887088,-1.2407059963284026,2.3880165196373646,-1.2302142128298577,2.3525561451458135,0.03697993618249485
1757657168.789387,-1.2409657315478293,2.3989021690276124,-1.2302142128298577,2.3525561451458135,0.04757677042838423
1757657168.889988,-1.241053118563779,2.409259129949527,-1.2302142128298577,2.3525561451458135,0.057729631586898436
1757657168.9905894,-1.2414155334083499,2.41977571654065,-1.2302142128298577,2.3525561451458135,0.06814646257295878
1757657169.0911293,-1.2439223338691061,2.430136965060985,-1.2302142128298577,2.3525561451458135,0.0787825881850613
1757657169.1917207,-1.2412919535746134,2.4392160687682205,-1.2302142128298577,2.3525561451458135,0.08736508857804383
1757657169.29237,-1.2422463006886997,2.450098574421754,-1.2302142128298577,2.3525561451458135,0.0982817208197675
1757657169.3929777,-1.2422368674396058,2.4609641063852927,-1.2302142128298577,2.3525561451458135,0.1090725918091513
1757657169.4935997,-1.2418339472346658,2.471357582155623,-1.2302142128298577,2.3525561451458135,0.11936833609979676
1757657169.594143,-1.2418681334649924,2.4814817140019225,-1.2302142128298577,2.3525561451458135,0.12945121154721317
1757657169.6947212,-1.242230793975615,2.4921244508039617,-1.2302142128298577,2.3525561451458135,0.14008465357318364
1757657169.795325,-1.244832979969181,2.501572876230496,-1.2302142128298577,2.3525561451458135,0.1497320757080405
1757657169.8959353,-1.2418467276482288,2.510418269727065,-1.2302142128298577,2.3525561451458135,0.1582901316516802
1757657169.9965324,-1.242945284673323,2.522170483645438,-1.2302142128298577,2.3525561451458135,0.17009145779535395
1757657170.0971236,-1.2430149580231424,2.53255061133874,-1.2302142128298577,2.3525561451458135,0.18044907020425466
1757657170.1977723,-1.2425644125669175,2.5430481320011653,-1.2302142128298577,2.3525561451458135,0.1908919183455518
1757657170.2983584,-1.2428958888510866,2.5532958170325015,-1.2302142128298577,2.3525561451458135,0.2011398537731461
1757657170.39895,-1.2439704661365474,2.563845645042111,-1.2302142128298577,2.3525561451458135,0.2117368349424949
1757657170.4995143,-1.2452420849852275,2.5734028715756634,-1.2302142128298577,2.3525561451458135,0.2213574338401562
1757657170.6001353,-1.2440151392430503,2.5828870016909606,-1.2302142128298577,2.3525561451458135,0.23074394693400632
1757657170.700739,-1.244348719825165,2.593479664290033,-1.2302142128298577,2.3525561451458135,0.2413377847848023
1757657170.8013453,-1.2447374983725903,2.604063622612293,-1.2302142128298577,2.3525561451458135,0.2519264516570409
1757657170.9019518,-1.2442895285206446,2.6143992232288316,-1.2302142128298577,2.3525561451458135,0.26222111290242217
1757657171.002516,-1.245419848922627,2.625128826046609,-1.2302142128298577,2.3525561451458135,0.2729964793590435
1757657171.1030533,-1.2461617373216616,2.6356715740934664,-1.2302142128298577,2.3525561451458135,0.2835642249043948
1757657171.2036376,-1.2473807041417264,2.646195070912337,-1.2302142128298577,2.3525561451458135,0.2941402848119896
1757657171.3042114,-1.2458758874871099,2.654764809585789,-1.2302142128298577,2.3525561451458135,0.30261421796680915
1757657171.404859,-1.2466966161402255,2.665940901187059,-1.2441974410638148,2.957714910960092,0.29178471285366614
1757657171.505472,-1.2464794850709595,2.676240186026457,-1.2441974410638148,2.957714910960092,0.28148397556755533
1757657171.6060066,-1.2459558976771241,2.6868923223018646,-1.2441974410638148,2.957714910960092,0.2708282974454559
1757657171.7066224,-1.2468484447466734,2.697434136394225,-1.2441974410638148,2.957714910960092,0.2602942746760561
1757657171.8071408,-1.2476098678461884,2.7074062358527202,-1.2441974410638148,2.957714910960092,0.25033193461992187
1757657171.9076915,-1.2485655434432035,2.717254655819381,-1.2441974410638148,2.957714910960092,0.2404999264464183
1757657172.0083873,-1.2480571352573964,2.7274801168167397,-1.2441974410638148,2.957714910960092,0.23026714414674915
1757657172.1089628,-1.248182451512706,2.7380902574758035,-1.2441974410638148,2.957714910960092,0.21966080380070444
1757657172.2095473,-1.248275929776468,2.7487281545656677,-1.2441974410638148,2.957714910960092,0.20902654955397817
1757657172.3101401,-1.2480276400660308,2.7587829056073385,-1.2441974410638148,2.957714910960092,0.1989688748977199
1757657172.410768,-1.248576219769134,2.769297834522176,-1.2441974410638148,2.957714910960092,0.18846795058142266
1757657172.5113628,-1.2503327800666129,2.778074528405989,-1.2441974410638148,2.957714910960092,0.1797451235190089
1757657172.611955,-1.2481326970991447,2.7756899091895253,-1.2441974410638148,2.957714910960092,0.18206753557303512
1757657172.7125287,-1.2496738650134749,2.785172375693536,-1.2441974410638148,2.957714910960092,0.17262942302946827
1757657172.8130858,-1.2516499801569796,2.796782594669775,-1.2441974410638148,2.957714910960092,0.16110478194486266
1757657172.9136853,-1.249086103277212,2.80464104560558,-1.2441974410638148,2.957714910960092,0.15315190913863264
1757657173.0142622,-1.2506187635189554,2.8157416911892987,-1.2441974410638148,2.957714910960092,0.1421183609325651
1757657173.1147919,-1.2508632996207272,2.8262623680236953,-1.2441974410638148,2.957714910960092,0.131621444737345
1757657173.215372,-1.2521511152852927,2.836245832813026,-1.2441974410638148,2.957714910960092,0.12172919896031283
1757657173.3159618,-1.2519792221912205,2.846935091715964,-1.2441974410638148,2.957714910960092,0.11105280036665681
1757657173.4165087,-1.2528848414185871,2.8574356802098597,-1.2441974410638148,2.957714910960092,0.10065483120438097
1757657173.5170357,-1.255038159921936,2.8675061759349045,-1.2441974410638148,2.957714910960092,0.09085778480793655
1757657173.617599,-1.2529376168646722,2.8761274327637643,-1.2441974410638148,2.957714910960092,0.08205429465583228
1757657173.718209,-1.2537120995401883,2.887455788024718,-1.2441974410638148,2.957714910960092,0.07090044486158048
1757657173.8187714,-1.253180543426909,2.8973572691053953,-1.2441974410638148,2.957714910960092,0.061022463555035746
1757657173.9193206,-1.2550331487143584,2.907478379926858,-1.2441974410638148,2.957714910960092,0.05139184381340205
1757657174.0199087,-1.2544248273064422,2.9181087276659934,-1.2441974410638148,2.957714910960092,0.040905368651090526
1757657174.120509,-1.25630040146309,2.928764994697409,-1.2441974410638148,2.957714910960092,0.031378006661398686
1757657174.221133,-1.256600958597433,2.9379736895967223,-1.2441974410638148,2.957714910960092,0.023314439048030607
1757657174.3217418,-1.2557744373127184,2.9483488646510025,-1.2441974410638148,2.957714910960092,0.014891261384152
1757657174.4223535,-1.2564143359951752,2.9585066746267827,-1.2441974410638148,2.957714910960092,0.012242524717875392
1757657174.522936,-1.2568940818921897,2.9596416707155284,-1.2441974410638148,2.957714910960092,0.012842004963397448
1757657174.623554,-1.2563335317184023,2.9594921285659033,-1.2441974410638148,2.957714910960092,0.012265528883614134
1757657174.7241826,-1.256178206351898,2.959698168696944,-1.2441974410638148,2.957714910960092,0.012143806987058178
1757657174.8248026,-1.2560298790278335,2.9595755459580735,-1.2441974410638148,2.957714910960092,0.01197783581320365
1757657174.9254003,-1.2560482865949647,2.9594834995767805,-1.2441974410638148,2.957714910960092,0.01198208852822644
1757657175.025986,-1.2566233736590466,2.959564322728107,-1.2441974410638148,2.957714910960092,0.012562807200180945
1757657175.126573,-1.256516070736183,2.9592214908509806,-1.2441974410638148,2.957714910960092,0.012410415785644844
1757657175.2271469,-1.2566514884500901,2.959197682682449,-1.2441974410638148,2.957714910960092,0.012542005751880844
1757657175.3277369,-1.2568578731178675,2.9591942545383882,-1.2441974410638148,2.957714910960092,0.012746568056458577
1757657175.4283822,-1.2564421474951606,2.959434644567935,-1.2441974410638148,2.957714910960092,0.01236488250133358
1757657175.5290072,-1.2562511870097874,2.9593162352486013,-1.2441974410638148,2.957714910960092,0.012159647643209969
1757657175.6296577,-1.2563715773135755,2.9590073289312997,-1.2441974410638148,2.957714910960092,0.012242546207388336
1757657175.7302003,-1.2562249500205644,2.9588948057970326,-1.2441974410638148,2.957714910960092,0.012085244041016794
1757657175.8307595,-1.2560718710134693,2.9591557815331546,-1.2441974410638148,2.957714910960092,0.011961529778317206
1757657175.9313903,-1.2561261040623524,2.9589934939374265,-1.2441974410638148,2.957714910960092,0.011996990262670417
1757657176.0320144,-1.2563761546662178,2.959187191344692,-1.2441974410638148,2.957714910960092,0.01226738254642095
1757657176.1326792,-1.2558151683472587,2.9590227523229586,-1.2441974410638148,2.957714910960092,0.011691109282822642
1757657176.2332864,-1.2558190881884943,2.9588414781045502,-1.2441974410638148,2.957714910960092,0.011676122448036596
1757657176.3338604,-1.255856767592339,2.958961664445268,-1.2441974410638148,2.957714910960092,0.011725795894162129
1757657176.4344182,-1.2561812840777873,2.959028551195743,-1.2441974410638148,2.957714910960092,0.012055627070055622
1757657176.534945,-1.2626696122841388,2.9588797090448438,-1.2441974410638148,2.957714910960092,0.018508859072649677
1757657176.6355064,-1.2683492747087375,2.958445452742823,-1.2441974410638148,2.957714910960092,0.0241628797892208
1757657176.7360265,-1.2734964751894966,2.958561048607501,-1.2441974410638148,2.957714910960092,0.029311249540342522
1757657176.8366332,-1.2793737999095434,2.9578743035161543,-1.2441974410638148,2.957714910960092,0.03517671996690985
1757657176.9372025,-1.2855911286005657,2.9573406531189397,-1.2441974410638148,2.957714910960092,0.041395379413913205
1757657177.0377584,-1.2908537011276167,2.9572252238461285,-1.2441974410638148,2.957714910960092,0.046658829781839724
1757657177.138406,-1.2967620253171928,2.9570622708246304,-1.2441974410638148,2.957714910960092,0.052568635676388684
1757657177.2389305,-1.3023545597929318,2.9565558916353902,-1.2441974410638148,2.957714910960092,0.05816866669150706
1757657177.3395236,-1.308881333490587,2.956387469136031,-1.2441974410638148,2.957714910960092,0.06469751186308882
1757657177.4400632,-1.3144667084047241,2.956467360927424,-1.2441974410638148,2.957714910960092,0.07028034087646556
1757657177.5406604,-1.3202369307912338,2.95583283913958,-1.2441974410638148,2.957714910960092,0.07606277796888455
1757657177.6412373,-1.3256530000293536,2.955459233192227,-1.2441974410638148,2.957714910960092,0.08148678523896256
1757657177.741803,-1.3314817519438402,2.955234444472988,-1.2441974410638148,2.957714910960092,0.08731954901277587
1757657177.8423722,-1.3374863609045156,2.9550079744619335,-1.2441974410638148,2.957714910960092,0.09332818475814127
1757657177.942956,-1.3435766398850009,2.954610405921577,-1.2441974410638148,2.957714910960092,0.09942767778579059
1757657178.0435724,-1.349674401696942,2.9544847760101334,-1.2441974410638148,2.957714910960092,0.10552640899887195
1757657178.1441016,-1.3558764420749496,2.9542059542943324,-1.2441974410638148,2.957714910960092,0.11173411316033806
1757657178.2446694,-1.3619592168098504,2.9534902870458692,-1.2441974410638148,2.957714910960092,0.11783752914108565
1757657178.3452284,-1.3671672645985298,2.952548126426927,-1.2441974410638148,2.957714910960092,0.12307832125346484
1757657178.4457622,-1.3727490990034683,2.9530861704737887,-1.2441974410638148,2.957714910960092,0.12863496413309727
1757657178.546401,-1.3787217658279844,2.9529731413029006,-1.2441974410638148,2.957714910960092,0.1346078687623337
1757657178.6470056,-1.3844236983802047,2.952603522253523,-1.2441974410638148,2.957714910960092,0.1403193840332548
1757657178.7475722,-1.3907494695315872,2.95234963389724,-1.2441974410638148,2.957714910960092,0.14665020711195717
1757657178.8481007,-1.3961476967479653,2.9523179167333984,-1.2441974410638148,2.957714910960092,0.15204607114017019
1757657178.948674,-1.402755091330468,2.9514200554832013,-1.2441974410638148,2.957714910960092,0.15868255626740219
1757657179.049261,-1.4091110031279193,2.9510648761089495,-1.2441974410638148,2.957714910960092,0.16504758682329362
1757657179.1498592,-1.414212666796254,2.951017521478907,-1.2441974410638148,2.957714910960092,0.17014708932777825
1757657179.2505121,-1.4200417280088204,2.9507538007623824,-1.2441974410638148,2.957714910960092,0.17598201699714133
1757657179.351073,-1.425381909114118,2.9504898310683996,-1.2441974410638148,2.957714910960092,0.18132846782045195
1757657179.4516733,-1.4321440340879825,2.9504256484537605,-1.2441974410638148,2.957714910960092,0.18808789216023009
1757657179.5522745,-1.4379701369426239,2.950379144658426,-1.2441974410638148,2.957714910960092,0.19391150336010005
1757657179.6529508,-1.4435423862394374,2.9490725664271134,-1.2441974410638148,2.957714910960092,0.19953219611405748
1757657179.7535336,-1.4491820915005151,2.948618212046185,-1.2441974410638148,2.957714910960092,0.2051863953720775
1757657179.8541427,-1.4553272847007368,2.948908300203552,-1.2441974410638148,2.957714910960092,0.21131343371202962
1757657179.9546807,-1.4617142268080983,2.948414710021343,-1.2441974410638148,2.957714910960092,0.21771551579532777
1757657180.0552063,-1.4677951648005991,2.948131582372579,-1.2441974410638148,2.957714910960092,0.2238029987446271
1757657180.1558154,-1.4741346118933316,2.9481024832170792,-1.2441974410638148,2.957714910960092,0.2301380048931446
1757657180.2564077,-1.4798909830437101,2.9479780525846406,-1.2441974410638148,2.957714910960092,0.23589457844989206
1757657180.3569868,-1.4857846329410311,2.9471096944446344,-1.2441974410638148,2.957714910960092,0.24181985422305313
1757657180.4576025,-1.4914028958901282,2.9468770428167437,-1.2441974410638148,2.957714910960092,0.2474429151981868
1757657180.5581822,-1.4973261627371766,2.9466985432074067,-1.2441974410638148,2.957714910960092,0.2533683289096185
1757657180.6587634,-1.5035091700870225,2.94622759131219,-1.2441974410638148,2.957714910960092,0.25956604423864565
1757657180.7593198,-1.5097051388188216,2.9461945135022027,-1.2441974410638148,2.957714910960092,0.265757515650549
1757657180.8598897,-1.5161119043759335,2.9458077886300424,-1.2441974410638148,2.957714910960092,0.27217504463212694
1757657180.9604945,-1.5216747391218355,2.945910014722295,-1.2441974410638148,2.957714910960092,0.27772829620469863
1757657181.0610342,-1.5282962597352014,2.945180928141777,-1.2441974410638148,2.957714910960092,0.2843751738386585
1757657181.1616,-1.5326712934840916,2.9443866222831963,-1.2441974410638148,2.957714910960092,0.2887815901494593
1757657181.2621462,-1.538596986928598,2.9445211025891096,-1.2441974410638148,2.957714910960092,0.2946950443843955
1757657181.3627176,-1.5446629711609476,2.9447168690874306,-1.2441974410638148,2.957714910960092,0.3007465442346337
1757657181.4633632,-1.550558103943994,2.94417478783547,-1.8489544873964936,2.9369724893710774,0.29848329058877215
1757657181.5640168,-1.557083561322109,2.943742615580236,-1.8489544873964936,2.9369724893710774,0.291949434142981
1757657181.6646254,-1.5621305065667312,2.943744296288875,-1.8489544873964936,2.9369724893710774,0.2869039096073175
1757657181.7651448,-1.5680990592915285,2.9429649884925397,-1.8489544873964936,2.9369724893710774,0.2809193506003884
1757657181.8657408,-1.5736917450687504,2.9427705818928276,-1.8489544873964936,2.9369724893710774,0.2753238006251554
1757657181.9663503,-1.5796401215319988,2.9425868076326744,-1.8489544873964936,2.9369724893710774,0.2693728795378953
1757657182.0669253,-1.5856560395695176,2.942365686357977,-1.8489544873964936,2.9369724893710774,0.263353677023569
1757657182.1675076,-1.5919173833856752,2.9421932739241456,-1.8489544873964936,2.9369724893710774,0.2570901192765249
1757657182.2680779,-1.5981848073178344,2.9418998324839976,-1.8489544873964936,2.9369724893710774,0.2508180837916308
1757657182.3686836,-1.6039670837292233,2.9412546588461788,-1.8489544873964936,2.9369724893710774,0.24502482513215584
1757657182.4692688,-1.610697464492991,2.9409284114870458,-1.8489544873964936,2.9369724893710774,0.23828986189644696
1757657182.5698628,-1.6143692298302492,2.940287112413231,-1.8489544873964936,2.9369724893710774,0.234608673738489
1757657182.670572,-1.6207718130069702,2.94076912403769,-1.8489544873964936,2.9369724893710774,0.22821425750015487
1757657182.7711403,-1.6269154324518564,2.9406344305957077,-1.8489544873964936,2.9369724893710774,0.22206924986192988
1757657182.8717444,-1.6330997118775674,2.940257149989392,-1.8489544873964936,2.9369724893710774,0.21587976540126108
1757657182.9724267,-1.6396942936709449,2.940010781880895,-1.8489544873964936,2.9369724893710774,0.20928224936537115
1757657183.0730336,-1.6453642647624913,2.939486868436778,-1.8489544873964936,2.9369724893710774,0.2036057485785916
1757657183.1736972,-1.651937451372898,2.938952586139304,-1.8489544873964936,2.9369724893710774,0.19702698613828087
1757657183.2742503,-1.6565566442465527,2.9380585229326,-1.8489544873964936,2.9369724893710774,0.19240090830774687
1757657183.3747785,-1.6624488749863349,2.9384452258477376,-1.8489544873964936,2.9369724893710774,0.1865114270312091
1757657183.475369,-1.6681143592834515,2.938206586690877,-1.8489544873964936,2.9369724893710774,0.18084433895518048
1757657183.5759866,-1.6740635675072564,2.9381581940624044,-1.8489544873964936,2.9369724893710774,0.17489493919298701
1757657183.6765559,-1.680089514661377,2.9382894007928293,-1.8489544873964936,2.9369724893710774,0.16887010769382604
1757657183.7771015,-1.685439297561926,2.937675815280225,-1.8489544873964936,2.9369724893710774,0.1635167024311865
1757657183.8776617,-1.692139210747573,2.9368788408122266,-1.8489544873964936,2.9369724893710774,0.1568153046119226
1757657183.9782438,-1.6972477485959379,2.936563968712305,-1.8489544873964936,2.9369724893710774,0.15170728883817247
1757657184.0789056,-1.7032878297249217,2.9364824731698858,-1.8489544873964936,2.9369724893710774,0.14566748186566678
1757657184.179465,-1.7095832964880802,2.935806747117296,-1.8489544873964936,2.9369724893710774,0.13937606613128264
1757657184.2800481,-1.7155389353071202,2.9358794128868952,-1.8489544873964936,2.9369724893710774,0.13342002981378986
1757657184.3806381,-1.7216078399417738,2.935806537301989,-1.8489544873964936,2.9369724893710774,0.12735198491654579
1757657184.481144,-1.7271162104062003,2.935172541575068,-1.8489544873964936,2.9369724893710774,0.12185157180780141
1757657184.5817556,-1.7330343661383958,2.934434531334843,-1.8489544873964936,2.9369724893710774,0.11594790098783929
1757657184.6823537,-1.7384238958557272,2.934412412166728,-1.8489544873964936,2.9369724893710774,0.11056023544495538
1757657184.7829366,-1.7445378953203354,2.934462473000225,-1.8489544873964936,2.9369724893710774,0.10444675621090758
1757657184.883537,-1.7501012968358307,2.934122551338992,-1.8489544873964936,2.9369724893710774,0.09889426389234846
1757657184.9841413,-1.7563289982629258,2.9338770640458325,-1.8489544873964936,2.9369724893710774,0.09267719727730689
1757657185.084728,-1.7628121781330157,2.9338265719228223,-1.8489544873964936,2.9369724893710774,0.08619973458100612
1757657185.1853364,-1.7681821989527648,2.9333868083801113,-1.8489544873964936,2.9369724893710774,0.08085183788019844
1757657185.2858863,-1.774340335352559,2.932723909507188,-1.8489544873964936,2.9369724893710774,0.07473501265200416
1757657185.3865244,-1.7801722322337303,2.932570071982181,-1.8489544873964936,2.9369724893710774,0.06892299981966493
1757657185.487149,-1.7858544955721598,2.9324496140819885,-1.8489544873964936,2.9369724893710774,0.06326187927268398
1757657185.5877738,-1.7918667828098278,2.932021315439813,-1.8489544873964936,2.9369724893710774,0.057302008152176065
1757657185.6883447,-1.7981223909427912,2.93169175282702,-1.8489544873964936,2.9369724893710774,0.051105657302555466
1757657185.7889488,-1.8040435635242407,2.9315434529084827,-1.8489544873964936,2.9369724893710774,0.04523787704978517
1757657185.8895714,-1.8097368048931808,2.9305848634120575,-1.8489544873964936,2.9369724893710774,0.039734473525177005
1757657185.9901288,-1.8154626707734869,2.9304719300098716,-1.8489544873964936,2.9369724893710774,0.034116844120136144
1757657186.090684,-1.8211560266164715,2.93039731034706,-1.8489544873964936,2.9369724893710774,0.028565493185595512
1757657186.1913161,-1.8273222516021992,2.930185216936878,-1.8489544873964936,2.9369724893710774,0.022672024447675465
1757657186.2919335,-1.8332072410874867,2.930114408686005,-1.8489544873964936,2.9369724893710774,0.01717582711252919
1757657186.3925512,-1.8401180343663226,2.929663435246191,-1.8489544873964936,2.9369724893710774,0.011467570551556824
1757657186.4931343,-1.8458163014359343,2.92970411207111,-1.8489544873964936,2.9369724893710774,0.007916913520920556
1757657186.5937443,-1.8512140960048422,2.9289435860866626,-1.8489544873964936,2.9369724893710774,0.00834081045303207
1757657186.6942945,-1.857055692950238,2.9288948285673864,-1.8489544873964936,2.9369724893710774,0.011440198227456752
1757657186.7949486,-1.8625308388956414,2.9287614876957218,-1.8489544873964936,2.9369724893710774,0.015866249353300412
1757657186.895486,-1.868595649106909,2.9286132509104585,-1.8489544873964936,2.9369724893710774,0.02134600901752299
1757657186.9960434,-1.8741470644833584,2.9282801143152772,-1.8489544873964936,2.9369724893710774,0.02665001546694342
1757657187.096624,-1.880606911466927,2.928057951229205,-1.8489544873964936,2.9369724893710774,0.032883809691358
1757657187.1971378,-1.8864331787733843,2.927975701387448,-1.8489544873964936,2.9369724893710774,0.038543410608644905
1757657187.2977057,-1.8921287353310436,2.927276035073036,-1.8489544873964936,2.9369724893710774,0.04424971085406099
1757657187.398267,-1.8979856355168663,2.9266454202537737,-1.8489544873964936,2.9369724893710774,0.05010690414060214
1757657187.4988723,-1.9042542397060893,2.9264259159016843,-1.8489544873964936,2.9369724893710774,0.05629647251336394
1757657187.599453,-1.9097325246178445,2.926421187666047,-1.8489544873964936,2.9369724893710774,0.06168711191286628
1757657187.6999917,-1.9156115929043107,2.925973354557801,-1.8489544873964936,2.9369724893710774,0.06755849821688531
1757657187.8005795,-1.9218839634011393,2.92580559096559,-1.8489544873964936,2.9369724893710774,0.07377945574691289
1757657187.9011421,-1.9273663121164033,2.9257530424165985,-1.8489544873964936,2.9369724893710774,0.07921041753374494
1757657188.0016706,-1.9332049160089753,2.924798000496316,-1.8489544873964936,2.9369724893710774,0.08512551263134079
1757657188.1022556,-1.938780209176968,2.92458441543391,-1.8489544873964936,2.9369724893710774,0.09067593213888628
1757657188.2028592,-1.9445609116190532,2.9245625925180665,-1.8489544873964936,2.9369724893710774,0.09640847417383183
1757657188.3034565,-1.9507176221468214,2.924377731142948,-1.8489544873964936,2.9369724893710774,0.10253957055224294
1757657188.4039834,-1.9571986459763577,2.923836606414161,-1.8489544873964936,2.9369724893710774,0.10903829275864775
1757657188.5046394,-1.9632960268401063,2.9239778039805864,-1.8489544873964936,2.9369724893710774,0.11507758031316559
1757657188.6052897,-1.9686395022571561,2.9236263835268224,-1.8489544873964936,2.9369724893710774,0.12042682974903501
1757657188.7058475,-1.9753189231787294,2.9231049194705796,-1.8489544873964936,2.9369724893710774,0.12712309044979977
1757657188.8064249,-1.979822760478707,2.9225031282748484,-1.8489544873964936,2.9369724893710774,0.13166574083661198
1757657188.9069595,-1.9858986138400774,2.9227366845032794,-1.8489544873964936,2.9369724893710774,0.13768206821380294
1757657189.0075479,-1.9927984798277618,2.922526686866611,-1.8489544873964936,2.9369724893710774,0.1445675460418582
1757657189.1081395,-1.998239564153266,2.922143496941813,-1.8489544873964936,2.9369724893710774,0.15001977589218896
1757657189.208712,-2.0043894019747324,2.9219995733633084,-1.8489544873964936,2.9369724893710774,0.15615441359026674
1757657189.3093774,-2.0102976316645313,2.921791359220132,-1.8489544873964936,2.9369724893710774,0.16205578334313397
1757657189.409994,-2.016762080618283,2.9211631271846503,-1.8489544873964936,2.9369724893710774,0.1685506578914221
1757657189.510538,-2.0215060250795007,2.9209917735065867,-1.8489544873964936,2.9369724893710774,0.17328997788767767
1757657189.6110783,-2.028023497679977,2.9211190121051995,-1.8489544873964936,2.9369724893710774,0.17976941671298252
1757657189.7116742,-2.033582221939766,2.920975441537969,-1.8489544873964936,2.9369724893710774,0.18531946984047806
1757657189.81226,-2.0396569579110038,2.9207024643454886,-1.8489544873964936,2.9369724893710774,0.19139526110818653
1757657189.9129167,-2.0459403132972063,2.9206116205551256,-1.8489544873964936,2.9369724893710774,0.19766409293090811
1757657190.0135205,-2.0512899488767324,2.920474045577521,-1.8489544873964936,2.9369724893710774,0.20300698909158363
1757657190.1140654,-2.0573008196012412,2.9197520755830513,-1.8489544873964936,2.9369724893710774,0.20905677887646193
1757657190.214686,-2.0625608260034287,2.9193705679707724,-1.8489544873964936,2.9369724893710774,0.2143303420658007
1757657190.3152857,-2.068569720473949,2.9197387679352844,-1.8489544873964936,2.9369724893710774,0.22029038053031635
1757657190.415927,-2.0748993902773143,2.9191739130217553,-1.8489544873964936,2.9369724893710774,0.22664485094059858
1757657190.5165107,-2.0805612948730876,2.9192501823519836,-1.8489544873964936,2.9369724893710774,0.23228386391563902
1757657190.6170897,-2.0867479888153504,2.9194246346677466,-1.8489544873964936,2.9369724893710774,0.23844009000528638
1757657190.7176676,-2.0921441653861073,2.9196406251434364,-1.8489544873964936,2.9369724893710774,0.2438065072927656
1757657190.8182158,-2.0982388911472887,2.9182942327272094,-1.8489544873964936,2.9369724893710774,0.24998318188358915
1757657190.918802,-2.103651551126127,2.9178082547884636,-1.8489544873964936,2.9369724893710774,0.25541703576628255
1757657191.0193589,-2.1100267304379026,2.917902820818489,-1.8489544873964936,2.9369724893710774,0.26176777560535996
1757657191.1199741,-2.115975636322325,2.9177618201756808,-1.8489544873964936,2.9369724893710774,0.2677113067926084
1757657191.2206175,-2.12226085356105,2.9171555102633517,-1.8489544873964936,2.9369724893710774,0.2740238720386066
1757657191.321146,-2.1290635667372904,2.9170263594691255,-1.8489544873964936,2.9369724893710774,0.28081834773962744
1757657191.4217975,-2.133879840868051,2.9172444808790097,-1.8489544873964936,2.9369724893710774,0.28560751280376895
1757657191.522417,-2.1393790597324083,2.916091279836002,-1.8489544873964936,2.9369724893710774,0.2911742727786002
1757657191.623028,-2.145324860923747,2.915947780802668,-1.8489544873964936,2.9369724893710774,0.29711519091939786
1757657191.723576,-2.1508514126633083,2.9160199013045087,-2.4501747619311067,2.910526868246557,0.2993737477286013
1757657191.8241303,-2.1568543973715264,2.9158883146417263,-2.4501747619311067,2.910526868246557,0.2933693599761457
1757657191.9247646,-2.1627640567885384,2.9159172608087474,-2.4501747619311067,2.910526868246557,0.2874612491493816
1757657192.02531,-2.1699627512203374,2.9156227209262324,-2.4501747619311067,2.910526868246557,0.28025834271454836
1757657192.125916,-2.175148148828422,2.9155321294319787,-2.4501747619311067,2.910526868246557,0.275072155177997
1757657192.2265449,-2.1802414605319345,2.9144924908113854,-2.4501747619311067,2.910526868246557,0.2699624295463779
1757657192.3271298,-2.1867804856121924,2.913620721432215,-2.4501747619311067,2.910526868246557,0.2634124460330206
1757657192.4276488,-2.192909268442591,2.913910807493372,-2.4501747619311067,2.910526868246557,0.2572877478324913
1757657192.5281987,-2.1988424594381843,2.9137878601793266,-2.4501747619311067,2.910526868246557,0.2513534569978687
1757657192.6288314,-2.204996497108066,2.9136494737826415,-2.4501747619311067,2.910526868246557,0.24519814886530278
1757657192.7294283,-2.2116140659640338,2.91347424643247,-2.4501747619311067,2.910526868246557,0.23857890245884067
1757657192.8300009,-2.21701592192965,2.913253246050119,-2.4501747619311067,2.910526868246557,0.23317477952547247
1757657192.930638,-2.2221169696469003,2.912353723189103,-2.4501747619311067,2.910526868246557,0.22806510916956882
1757657193.031212,-2.228095232057688,2.9124646677917907,-2.4501747619311067,2.910526868246557,0.22208798404208238
1757657193.1317704,-2.234128238579064,2.9124348112982967,-2.4501747619311067,2.910526868246557,0.21605494787019655
1757657193.2323785,-2.2401570257062993,2.912321389159695,-2.4501747619311067,2.910526868246557,0.21002540283094445
1757657193.3329513,-2.2461705148197106,2.912090319810737,-2.4501747619311067,2.910526868246557,0.20401023802809776
1757657193.4335616,-2.2528311608688423,2.911745920236295,-2.4501747619311067,2.910526868246557,0.1973473662554833
1757657193.5341375,-2.25829882335188,2.911266788448935,-2.4501747619311067,2.910526868246557,0.19187736522989132
1757657193.6347396,-2.263189698702865,2.9104758852029984,-2.4501747619311067,2.910526868246557,0.1869850701787185
1757657193.7353458,-2.2693260936143034,2.91099033178055,-2.4501747619311067,2.910526868246557,0.18084926217822536
1757657193.8359485,-2.275092859369635,2.910516359896004,-2.4501747619311067,2.910526868246557,0.17508190287682546
1757657193.936578,-2.281367441616557,2.9101634927957516,-2.4501747619311067,2.910526868246557,0.16880771141596948
1757657194.0371413,-2.2874069164381825,2.910207926101667,-2.4501747619311067,2.910526868246557,0.1627681579747717
1757657194.1376872,-2.2938951522197355,2.9097681834190547,-2.4501747619311067,2.910526868246557,0.15628145128007354
1757657194.2381475,-2.299524764088697,2.9095182878562054,-2.4501747619311067,2.910526868246557,0.15065337395598488
1757657194.3387208,-2.306128988683472,2.9092488575404065,-2.4501747619311067,2.910526868246557,0.1440514425539501
1757657194.4393296,-2.310208315593486,2.9087840921543195,-2.4501747619311067,2.910526868246557,0.13997729590504948
1757657194.539907,-2.31721657964545,2.9085048450650293,-2.4501747619311067,2.910526868246557,0.1329735568241015
1757657194.6404998,-2.3234041869095865,2.9079429830066017,-2.4501747619311067,2.910526868246557,0.12679690514448744
1757657194.741086,-2.329999123535731,2.90786417637414,-2.4501747619311067,2.910526868246557,0.12020513296753828
1757657194.8416429,-2.335418891629379,2.907876653168374,-2.4501747619311067,2.910526868246557,0.11478646875249532
1757657194.942213,-2.341285188050959,2.9074006046504777,-2.4501747619311067,2.910526868246557,0.10893444278038214
1757657195.042801,-2.345983048016758,2.9065181583130175,-2.4501747619311067,2.910526868246557,0.1042688016797965
1757657195.143392,-2.352404134771072,2.9070204032046276,-2.4501747619311067,2.910526868246557,0.09783348523055278
1757657195.2439911,-2.3588528350817453,2.906883355096352,-2.4501747619311067,2.910526868246557,0.09139458141244393
1757657195.3446155,-2.364549296013366,2.906405282521855,-2.4501747619311067,2.910526868246557,0.0857246048839902
1757657195.4451873,-2.3704028194553755,2.9060681403168456,-2.4501747619311067,2.910526868246557,0.07989645211836735
1757657195.5457723,-2.376044693209045,2.905921925644342,-2.4501747619311067,2.910526868246557,0.07427295998617044
1757657195.6463606,-2.382383248851773,2.905485466372269,-2.4501747619311067,2.910526868246557,0.06797870974388646
1757657195.74689,-2.3871804643496315,2.9048040497769727,-2.4501747619311067,2.910526868246557,0.06325371276865312
1757657195.8474798,-2.3932024746579095,2.9053381523379347,-2.4501747619311067,2.910526868246557,0.05720807888681547
1757657195.9480512,-2.398804248967941,2.905025546023572,-2.4501747619311067,2.910526868246557,0.05166424438913122
1757657196.0486763,-2.4047469258816507,2.904759304836655,-2.4501747619311067,2.910526868246557,0.045792500213719424
1757657196.149273,-2.4111617515701873,2.904555413435853,-2.4501747619311067,2.910526868246557,0.03946736943321008
1757657196.2498474,-2.4168696275505432,2.9046069606721483,-2.4501747619311067,2.910526868246557,0.03382716780631999
1757657196.3504431,-2.4227568379339153,2.9040966527917345,-2.4501747619311067,2.910526868246557,0.028161857664422692
1757657196.4510233,-2.4271815592086208,2.903265779455167,-2.4501747619311067,2.910526868246557,0.02411246113265472
1757657196.5515656,-2.433761909426508,2.903992281068526,-2.4501747619311067,2.910526868246557,0.017665858510839502
1757657196.652194,-2.439768775925748,2.9036484213857943,-2.4501747619311067,2.910526868246557,0.01247387573932237
1757657196.752778,-2.4455930788995723,2.9032143058861184,-2.4501747619311067,2.910526868246557,0.008629332979828217
1757657196.8533223,-2.4512503469370577,2.9036833580568264,-2.4501747619311067,2.910526868246557,0.006927518662693754
1757657196.9538572,-2.4571256995410566,2.9035678877014703,-2.4501747619311067,2.910526868246557,0.009835799097394595
1757657197.0544415,-2.4628202315294248,2.902781867155521,-2.4501747619311067,2.910526868246557,0.014828787653147338
1757657197.1550148,-2.4687107452828623,2.9022235458078525,-2.4501747619311067,2.910526868246557,0.02031078143099497
1757657197.255637,-2.4743595996667014,2.902421170426529,-2.4501747619311067,2.910526868246557,0.025507032627231457
1757657197.3562043,-2.4808021590091567,2.9022300074299445,-2.4501747619311067,2.910526868246557,0.0317312992357196
1757657197.4567735,-2.487231456973885,2.9016255004199234,-2.4501747619311067,2.910526868246557,0.038110798950933666
1757657197.5573564,-2.493867252228692,2.9009358702510273,-2.4501747619311067,2.910526868246557,0.04473277267233537
1757657197.6579294,-2.4979808892174846,2.9012449076541644,-2.4501747619311067,2.910526868246557,0.04869887676897785
1757657197.75848,-2.503950099902518,2.900806380948258,-2.4501747619311067,2.910526868246557,0.05464681918699283
1757657197.8590188,-2.509900896845421,2.9005041411996864,-2.4501747619311067,2.910526868246557,0.06056126030111119
1757657197.9596233,-2.5155445688073748,2.900643126445299,-2.4501747619311067,2.910526868246557,0.0661127824481356
1757657198.0602844,-2.521591341802104,2.90023587407629,-2.4501747619311067,2.910526868246557,0.07215422677489505
1757657198.160904,-2.527835229205561,2.9000493453231666,-2.4501747619311067,2.910526868246557,0.07836406487604329
1757657198.26152,-2.5342372829148188,2.899802963694741,-2.4501747619311067,2.910526868246557,0.08474378775446303
1757657198.3621073,-2.5392425005287045,2.899872330909629,-2.4501747619311067,2.910526868246557,0.089702738111799
1757657198.462698,-2.54538119056984,2.899190828636916,-2.4501747619311067,2.910526868246557,0.09587893328658555
1757657198.5632317,-2.5509314672745473,2.8988644670397634,-2.4501747619311067,2.910526868246557,0.1014294102988533
1757657198.663834,-2.556646645304148,2.8988270792762467,-2.4501747619311067,2.910526868246557,0.1071127770667548
1757657198.7644742,-2.5628773087196084,2.8983406823791835,-2.4501747619311067,2.910526868246557,0.11335946003139119
1757657198.8650522,-2.5694202161626474,2.8982168418130443,-2.4501747619311067,2.910526868246557,0.11987916877289495
1757657198.9656398,-2.5761013226294676,2.8982827697047258,-2.4501747619311067,2.910526868246557,0.12652041984762785
1757657199.0662296,-2.581372361316169,2.898272367115932,-2.4501747619311067,2.910526868246557,0.1317686718547462
1757657199.166873,-2.586823962336612,2.8972916727240223,-2.4501747619311067,2.910526868246557,0.1372886534713764
1757657199.267479,-2.5922283544943436,2.8974412922247814,-2.4501747619311067,2.910526868246557,0.14265502255421567
1757657199.3680272,-2.599028631696743,2.897030875570883,-2.4501747619311067,2.910526868246557,0.14946443176390448
1757657199.4686527,-2.605029643327356,2.897115726326412,-2.4501747619311067,2.910526868246557,0.15543452968966923
1757657199.5691383,-2.611068615200751,2.896830974798408,-2.4501747619311067,2.910526868246557,0.16147572423524512
1757657199.6697147,-2.6175505868450215,2.896612560370608,-2.4501747619311067,2.910526868246557,0.16795319207826967
1757657199.770347,-2.6230343281471953,2.896458450051254,-2.4501747619311067,2.910526868246557,0.1734311103087685
1757657199.8709314,-2.6285482227631785,2.8960471444311073,-2.4501747619311067,2.910526868246557,0.17896020208689506
1757657199.9715257,-2.6342471424599005,2.8962372218012744,-2.4501747619311067,2.910526868246557,0.1846262041777067
1757657200.0721033,-2.639868234702008,2.8962615405306744,-2.4501747619311067,2.910526868246557,0.19022910709648552
1757657200.1727493,-2.645747799310771,2.895775895684242,-2.4501747619311067,2.910526868246557,0.1961285398442606
1757657200.2733514,-2.6522314667814237,2.895307869962676,-2.4501747619311067,2.910526868246557,0.20262904501510362
1757657200.373932,-2.658916599013592,2.89499077989306,-2.4501747619311067,2.910526868246557,0.20931919307578684
1757657200.474535,-2.664421290495682,2.894836468110746,-2.4501747619311067,2.910526868246557,0.21482030550763415
1757657200.575072,-2.669242668598332,2.8941312272986575,-2.4501747619311067,2.910526868246557,0.2196805971715584
1757657200.6756337,-2.675076952619371,2.8946785612608585,-2.4501747619311067,2.910526868246557,0.22545989490526558
1757657200.77614,-2.6811334094688486,2.8947104138711452,-2.4501747619311067,2.910526868246557,0.23149958337213558
1757657200.8767319,-2.687131652105675,2.894445971550287,-2.4501747619311067,2.910526868246557,0.23750192218118696
1757657200.9773383,-2.6939061858580553,2.8938190441567135,-2.4501747619311067,2.910526868246557,0.2443034146205801
1757657201.0779588,-2.700167428169053,2.893803794380736,-2.4501747619311067,2.910526868246557,0.25055138070319816
1757657201.1786392,-2.706301786553865,2.8935376323164705,-2.4501747619311067,2.910526868246557,0.2566898651672776
1757657201.2792256,-2.7108642971561765,2.892437642036705,-2.4501747619311067,2.910526868246557,0.2613163865522675
1757657201.3797565,-2.7167320015191123,2.8930377636517925,-2.4501747619311067,2.910526868246557,0.2671303628498715
1757657201.4803436,-2.7224904014967484,2.892914371494803,-2.4501747619311067,2.910526868246557,0.2728846049044815
1757657201.581011,-2.728748843715548,2.892814348903342,-2.4501747619311067,2.910526868246557,0.2791366195674232
1757657201.6816242,-2.735118308687543,2.8927433053736324,-2.4501747619311067,2.910526868246557,0.2854979508623357
1757657201.7821732,-2.7410269971355756,2.892869311457016,-2.4501747619311067,2.910526868246557,0.29138773487436215
1757657201.8828127,-2.746948698677265,2.8916614871143285,-3.0440929040678757,2.8823173639221085,0.2972910887252572
1757657201.9834108,-2.7519004102627305,2.8911547775645268,-3.0440929040678757,2.8823173639221085,0.29232610782473234
1757657202.084041,-2.7584778527828986,2.8915200113603854,-3.0440929040678757,2.8823173639221085,0.28576326957884796
1757657202.1846745,-2.7643605322787566,2.891317118237586,-3.0440929040678757,2.8823173639221085,0.27987710768211277
1757657202.285348,-2.7702544579458626,2.890987593961781,-3.0440929040678757,2.8823173639221085,0.27397566947351276
1757657202.38594,-2.776256212233773,2.8909345465108287,-3.0440929040678757,2.8823173639221085,0.2679752774574616
1757657202.486527,-2.7827842200171506,2.8908311064023944,-3.0440929040678757,2.8823173639221085,0.2614473411058951
1757657202.5871062,-2.7885260887316767,2.8902572784162626,-3.0440929040678757,2.8823173639221085,0.25569012367172356
1757657202.6877,-2.7929330261348717,2.8889898977376878,-3.0440929040678757,2.8823173639221085,0.2512484964946885
1757657202.7882295,-2.7995942226832917,2.889656673032325,-3.0440929040678757,2.8823173639221085,0.24460881148686286
1757657202.8888469,-2.8061149879913883,2.8895042468479004,-3.0440929040678757,2.8823173639221085,0.23808641251927154
1757657202.989414,-2.8119974325835337,2.889425991912688,-3.0440929040678757,2.8823173639221085,0.23220430761604627
1757657203.0900128,-2.8180927902954425,2.889565955071183,-3.0440929040678757,2.8823173639221085,0.22611632736005424
1757657203.1907017,-2.8242266799298013,2.889633427762311,-3.0440929040678757,2.8823173639221085,0.21998791172891274
1757657203.291288,-2.8305225846550996,2.888870666356204,-3.0440929040678757,2.8823173639221085,0.2136708382228794
1757657203.3918595,-2.8344199688880987,2.8876962609173353,-3.0440929040678757,2.8823173639221085,0.20974191827049793
1757657203.4924455,-2.8409668341929826,2.8887682869283093,-3.0440929040678757,2.8823173639221085,0.20322847898474242
1757657203.5930028,-2.8469138098198745,2.889046819614969,-3.0440929040678757,2.8823173639221085,0.19729389443767464
1757657203.6935465,-2.8525245816527907,2.888957053730115,-3.0440929040678757,2.8823173639221085,0.19168335252096494
1757657203.7941003,-2.8592074405745223,2.8888575405597217,-3.0440929040678757,2.8823173639221085,0.18500110410914664
1757657203.8946536,-2.8653971036334256,2.8891003740974655,-3.0440929040678757,2.8823173639221085,0.17882449026894448
1757657203.9952633,-2.8712812815241633,2.8877586598392586,-3.0440929040678757,2.8823173639221085,0.17289726599182684
1757657204.0958676,-2.876242417940189,2.8873876691220834,-3.0440929040678757,2.8823173639221085,0.1679270487090201
1757657204.196484,-2.8826880387143414,2.887822237686037,-3.0440929040678757,2.8823173639221085,0.16149871267273097
1757657204.2970319,-2.888481463786584,2.887735651394867,-3.0440929040678757,2.8823173639221085,0.15570574230116083
1757657204.3976414,-2.894695798675827,2.887149577282333,-3.0440929040678757,2.8823173639221085,0.14947523335148766
1757657204.4981682,-2.9010739891754347,2.887074149116908,-3.0440929040678757,2.8823173639221085,0.14309799796782885
1757657204.5987337,-2.9071516696880315,2.886862563099246,-3.0440929040678757,2.8823173639221085,0.1370166431826268
1757657204.6992884,-2.9120242695306033,2.8861069590897794,-3.0440929040678757,2.8823173639221085,0.13212299292732677
1757657204.7998292,-2.9179439647994334,2.8856550214606647,-3.0440929040678757,2.8823173639221085,0.12619308553323286
1757657204.9003782,-2.923724751624827,2.8859545224941705,-3.0440929040678757,2.8823173639221085,0.12042309182640754
1757657205.0009117,-2.929388851975119,2.886020901043734,-3.0440929040678757,2.8823173639221085,0.11476382598061617
1757657205.1015375,-2.9355428242551564,2.8856363313365945,-3.0440929040678757,2.8823173639221085,0.10860080741894204
1757657205.2021277,-2.942557290880423,2.8848572772991536,-3.0440929040678757,2.8823173639221085,0.10156737618603168
1757657205.302693,-2.9480224400194173,2.88541679811829,-3.0440929040678757,2.8823173639221085,0.09612044816178605
1757657205.403206,-2.953678098995427,2.884899790262815,-3.0440929040678757,2.8823173639221085,0.09045167716573348
1757657205.503802,-2.9589057941864283,2.8848150275473587,-3.0440929040678757,2.8823173639221085,0.08522371743557476
1757657205.604472,-2.964897279670754,2.8847817472471045,-3.0440929040678757,2.8823173639221085,0.079233958053492
1757657205.7050521,-2.970587890079438,2.884751637841784,-3.0440929040678757,2.8823173639221085,0.07354531100591297
1757657205.805635,-2.9768815231040184,2.88441107025272,-3.0440929040678757,2.8823173639221085,0.06724398365108655
1757657205.9062066,-2.9829055829638276,2.8845716586054473,-3.0440929040678757,2.8823173639221085,0.06122883396251493
1757657206.0068092,-2.9886027699371858,2.884496186722571,-3.0440929040678757,2.8823173639221085,0.055532893447377434
1757657206.1073694,-2.9946656298258714,2.88379004085307,-3.0440929040678757,2.8823173639221085,0.049449208450058034
1757657206.2079644,-3.0001459525383893,2.8840084009248597,-3.0440929040678757,2.8823173639221085,0.04397947424514869
1757657206.3085728,-3.006358112935413,2.8836421018976255,-3.0440929040678757,2.8823173639221085,0.037758037455810044
1757657206.4091885,-3.012143908604085,2.883300955120048,-3.0440929040678757,2.8823173639221085,0.031964132442317134
1757657206.5097322,-3.017938840409749,2.8834085973261847,-3.0440929040678757,2.8823173639221085,0.0261768186794255
1757657206.6103609,-3.024212953329391,2.88342028999459,-3.0440929040678757,2.8823173639221085,0.019910522024445834
1757657206.7109828,-3.0305422043925994,2.8830265882844555,-3.0440929040678757,2.8823173639221085,0.013569246879826479
1757657206.8115985,-3.036281218045109,2.882429794613371,-3.0440929040678757,2.8823173639221085,0.0078124950674306574
1757657206.9121516,-3.0413898010900735,2.882510483531719,-3.0440929040678757,2.8823173639221085,0.002709992784532677
1757657207.0127776,-3.0474427459665523,2.882776510914545,-3.0440929040678757,2.8823173639221085,0.003381162034980409
1757657207.1133904,-3.0540584357223883,2.882259389384748,-3.0440929040678757,2.8823173639221085,0.00996570028668711
1757657207.2140224,-3.0598735877703533,2.882636325423075,-3.0440929040678757,2.8823173639221085,0.015783906821720105
1757657207.3146038,-3.0656557162019022,2.882594548944355,-3.0440929040678757,2.8823173639221085,0.021564593635491503
1757657207.4151764,-3.0719016923876916,2.8822061972987223,-3.0440929040678757,2.8823173639221085,0.02780901051519967
1757657207.515717,-3.0775850048147837,2.8815328277736136,-3.0440929040678757,2.8823173639221085,0.033501288175372165
1757657207.616406,-3.083168885460017,2.8817574273623494,-3.0440929040678757,2.8823173639221085,0.039079992972234884
1757657207.716944,-3.088871792978689,2.882187460932392,-3.0440929040678757,2.8823173639221085,0.04477907733388109
1757657207.8174922,-3.094943904998629,2.881992748317903,-3.0440929040678757,2.8823173639221085,0.05085203703835258
1757657207.918089,-3.101009174288586,2.8819157586356283,-3.0440929040678757,2.8823173639221085,0.05691768708093345
1757657208.0186603,-3.107252962925099,2.8817726176160137,-3.0440929040678757,2.8823173639221085,0.06316240799230133
1757657208.1192722,-3.113718850988877,2.8816099654964042,-3.0440929040678757,2.8823173639221085,0.06962954040620115
1757657208.2198565,-3.1185652656827565,2.882072476717526,-3.0440929040678757,2.8823173639221085,0.07447276424465886
1757657208.3204534,-3.124130395135981,2.881858161151207,-3.0440929040678757,2.8823173639221085,0.08003880835983145
1757657208.4210734,-3.130016046264303,2.8821750911456556,-3.0440929040678757,2.8823173639221085,0.08592325998500278
1757657208.5216727,-3.136054594596068,2.881992476881312,-3.0440929040678757,2.8823173639221085,0.09196226441531496
1757657208.6222658,-3.1420696055740525,2.881808021912147,-3.0440929040678757,2.8823173639221085,0.0979780254307749
1757657208.722827,-3.1484487376214876,2.881908243861531,-3.0440929040678757,2.8823173639221085,0.1043566355144373
1757657208.82343,-3.1548832982600903,2.881556550253416,-3.0440929040678757,2.8823173639221085,0.11079300647019542
1757657208.923987,-3.1595821132323096,2.880456757244746,-3.0440929040678757,2.8823173639221085,0.11550419598713381
1757657209.024597,-3.166239658583171,2.8804392883681307,-3.0440929040678757,2.8823173639221085,0.12216119189990861
1757657209.1251829,-3.172380608371162,2.880021544930467,-3.0440929040678757,2.8823173639221085,0.12830824548815936
1757657209.2257583,-3.1783256944477145,2.8801929933622152,-3.0440929040678757,2.8823173639221085,0.13424959949077497
1757657209.3262935,-3.18408874785953,2.8805043746736523,-3.0440929040678757,2.8823173639221085,0.14000758268376845
1757657209.4268727,-3.190598522945068,2.8805290888526196,-3.0440929040678757,2.8823173639221085,0.1465165324811959
1757657209.5274494,-3.1971002220588844,2.8806234446046988,-3.0440929040678757,2.8823173639221085,0.1530166942573769
1757657209.6280851,-3.2004627998047375,2.87957512823161,-3.0440929040678757,2.8823173639221085,0.15639393897891077
1757657209.7286816,-3.2030117445509436,2.878628032074049,-3.0440929040678757,2.8823173639221085,0.15896165899350664
1757657209.8292255,-3.2076597646921656,2.8787080603528525,-3.0440929040678757,2.8823173639221085,0.16360667763493314
1757657209.9298184,-3.2137400843141704,2.8787062502634995,-3.0440929040678757,2.8823173639221085,0.1696856090167171
1757657210.0303857,-3.219821721858831,2.8787979665096337,-3.0440929040678757,2.8823173639221085,0.1757640565085868
1757657210.1309516,-3.2260700769357076,2.8788358328834587,-3.0440929040678757,2.8823173639221085,0.18201047360891584
1757657210.2315552,-3.2312265900057255,2.878498743370429,-3.0440929040678757,2.8823173639221085,0.18717264296793892
1757657210.3321645,-3.237364457259336,2.877880242534631,-3.0440929040678757,2.8823173639221085,0.193322480118704
1757657210.4327343,-3.2439578324467795,2.8771568354569723,-3.0440929040678757,2.8823173639221085,0.19993153990789903
1757657210.5332823,-3.2498314423223267,2.877008237059491,-3.0440929040678757,2.8823173639221085,0.20580702842984142
1757657210.6338763,-3.255904588331746,2.8769144512160985,-3.0440929040678757,2.8823173639221085,0.21188058206547927
1757657210.7344828,-3.2618359118669753,2.8766812160394597,-3.0440929040678757,2.8823173639221085,0.21781593974811359
1757657210.8350897,-3.268306647319899,2.876602263679594,-3.0440929040678757,2.8823173639221085,0.22428656900016594
1757657210.9356916,-3.2737536143161234,2.877035435357765,-3.0440929040678757,2.8823173639221085,0.22972144131771513
1757657211.0361457,-3.279926593952654,2.876285689321408,-3.0440929040678757,2.8823173639221085,0.23591081022954086
1757657211.1367407,-3.2861956802545182,2.8754098335885225,-3.0440929040678757,2.8823173639221085,0.24220129688461403
1757657211.237349,-3.29196328459878,2.8746771051523563,-3.0440929040678757,2.8823173639221085,0.24798810273600652
1757657211.3379285,-3.2978808492955505,2.8747348977386715,-3.0440929040678757,2.8823173639221085,0.25390119128572086
1757657211.438567,-3.3043902696699154,2.8750786260043895,-3.0440929040678757,2.8823173639221085,0.2603979989669724
1757657211.5391202,-3.3107446955014987,2.875357069707177,-3.0440929040678757,2.8823173639221085,0.2667426167119135
1757657211.6397233,-3.3161505420192556,2.8754886627105414,-3.0440929040678757,2.8823173639221085,0.27214332534148433
1757657211.7403746,-3.3217391961361478,2.8749488362750673,-3.0440929040678757,2.8823173639221085,0.2777440524996808
1757657211.8409648,-3.328035590017139,2.8738406278575397,-3.0440929040678757,2.8823173639221085,0.28406918868189546
1757657211.941564,-3.3331977014813545,2.8747278887900514,-3.0440929040678757,2.8823173639221085,0.2892043983418453
1757657212.042144,-3.339539235767822,2.8741676433323615,-3.0440929040678757,2.8823173639221085,0.2955587130514775
1757657212.1427338,-3.3458408241876914,2.8740028752602504,-3.646788679367943,2.8630264858438093,0.30114795809072853
1757657212.2433412,-3.352537534889963,2.8733593863536986,-3.646788679367943,2.8630264858438093,0.2944325132514215
1757657212.3439813,-3.3578522239540454,2.8735125123171743,-3.646788679367943,2.8630264858438093,0.28912667123312485
1757657212.4446042,-3.3640964975121515,2.873295812224237,-3.646788679367943,2.8630264858438093,0.2828786466785638
1757657212.5451856,-3.3702836645702843,2.8726817139718017,-3.646788679367943,2.8630264858438093,0.27667353801630024
1757657212.6457546,-3.375578862522684,2.873038492518216,-3.646788679367943,2.8630264858438093,0.27139455600819895
1757657212.7463346,-3.3814738517093605,2.872852662118117,-3.646788679367943,2.8630264858438093,0.2654967259980378
1757657212.8469014,-3.3876322092932973,2.872559070715218,-3.646788679367943,2.8630264858438093,0.2593317299442577
1757657212.9474735,-3.3942820569557686,2.872353777491587,-3.646788679367943,2.8630264858438093,0.25267883316868317
1757657213.0480218,-3.3990396063368413,2.872964052543338,-3.646788679367943,2.8630264858438093,0.24794829787614558
1757657213.1485996,-3.40538474029267,2.8719692996077524,-3.646788679367943,2.8630264858438093,0.24156952564235984
1757657213.249204,-3.411185742039396,2.8713674616586338,-3.646788679367943,2.8630264858438093,0.23575053755057035
1757657213.3497508,-3.4169636486729784,2.8714134101164617,-3.646788679367943,2.8630264858438093,0.22997801032424098
1757657213.4503558,-3.4229593067109474,2.8716481176374105,-3.646788679367943,2.8630264858438093,0.2239953584313941
1757657213.5509272,-3.429558212551066,2.871247555460754,-3.646788679367943,2.8630264858438093,0.21738597401655183
1757657213.6514738,-3.4357200589220755,2.8709827844354168,-3.646788679367943,2.8630264858438093,0.21121852481304887
1757657213.7520165,-3.441485395469414,2.870495202576418,-3.646788679367943,2.8630264858438093,0.20543909099573066
1757657213.852648,-3.448366559350142,2.8697386585307934,-3.646788679367943,2.8630264858438093,0.19853561638793846
1757657213.9533045,-3.453177476448295,2.86969486759093,-3.646788679367943,2.8630264858438093,0.19372600551066557
1757657214.0538914,-3.459252083463433,2.8696138707411105,-3.646788679367943,2.8630264858438093,0.18765225403185753
1757657214.1545346,-3.464847935831894,2.8695718468695284,-3.646788679367943,2.8630264858438093,0.18205844091776524
1757657214.2551024,-3.4716306173637568,2.8691325114144353,-3.646788679367943,2.8630264858438093,0.17526445798658533
1757657214.355738,-3.477271019938079,2.8696017659354727,-3.646788679367943,2.8630264858438093,0.16964513304796922
1757657214.456335,-3.4829134974430245,2.869099411334648,-3.646788679367943,2.8630264858438093,0.16398766927712116
1757657214.5569165,-3.4892417699726535,2.868854119830409,-3.646788679367943,2.8630264858438093,0.15765465415866858
1757657214.657522,-3.4945717914479664,2.8683947383172828,-3.646788679367943,2.8630264858438093,0.15231151992761982
1757657214.758198,-3.500566841331267,2.868258377233282,-3.646788679367943,2.8630264858438093,0.14631540795943265
1757657214.858774,-3.5062965076311077,2.868548689352248,-3.646788679367943,2.8630264858438093,0.14060065807428174
1757657214.9593716,-3.5124064920687554,2.868971649415775,-3.646788679367943,2.8630264858438093,0.13451363214637913
1757657215.059878,-3.518985229998816,2.8683868279388944,-3.646788679367943,2.8630264858438093,0.1279158119155855
1757657215.1604435,-3.5242192216316512,2.86732452411323,-3.646788679367943,2.8630264858438093,0.12264479239957175
1757657215.2610343,-3.5307592923820446,2.867098233408232,-3.646788679367943,2.8630264858438093,0.11610080866450413
1757657215.3616514,-3.5361925267555834,2.8667584058491267,-3.646788679367943,2.8630264858438093,0.11065909903655669
1757657215.4623132,-3.542161323858869,2.8670215784179782,-3.646788679367943,2.8630264858438093,0.10470360206553705
1757657215.562856,-3.547912826357439,2.86707921575011,-3.646788679367943,2.8630264858438093,0.09895887493422825
1757657215.6633978,-3.554296867987827,2.8669431202273543,-3.646788679367943,2.8630264858438093,0.09257470063289094
1757657215.7639399,-3.5602728208171066,2.8666615004336102,-3.646788679367943,2.8630264858438093,0.08659218851522592
1757657215.8645372,-3.566153094786668,2.8657628893504974,-3.646788679367943,2.8630264858438093,0.08068200174087999
1757657215.9650679,-3.572527854471713,2.8654199434719194,-3.646788679367943,2.8630264858438093,0.07429938595766537
1757657216.0656557,-3.5779180893820826,2.8648204122739847,-3.646788679367943,2.8630264858438093,0.06889394993058101
1757657216.166233,-3.5839132512028384,2.8650694723160353,-3.646788679367943,2.8630264858438093,0.06290861038578854
1757657216.2668412,-3.5899245501926305,2.865246410956651,-3.646788679367943,2.8630264858438093,0.05690744463049868
1757657216.3674424,-3.5962432589180375,2.865077639536966,-3.646788679367943,2.8630264858438093,0.050587021655071646
1757657216.4680028,-3.6017851719599094,2.8651905136548583,-3.646788679367943,2.8630264858438093,0.04505550682649058
1757657216.568647,-3.6075877153828015,2.8646402625726437,-3.646788679367943,2.8630264858438093,0.03923416690456034
1757657216.6691384,-3.613652529515297,2.8643130315052425,-3.646788679367943,2.8630264858438093,0.033161116187426086
1757657216.7696607,-3.6190592169193003,2.8645299121337953,-3.646788679367943,2.8630264858438093,0.027770188661586617
1757657216.8701425,-3.624807763408409,2.8648454882767096,-3.646788679367943,2.8630264858438093,0.022056052146089033
1757657216.9706883,-3.631057590794365,2.863769306106658,-3.646788679367943,2.8630264858438093,0.015748616753628035
1757657217.071289,-3.637122601268084,2.864540052159065,-3.646788679367943,2.8630264858438093,0.00978386165188645
1757657217.171875,-3.642414511194268,2.8637063256990287,-3.646788679367943,2.8630264858438093,0.004426683797193878
1757657217.2725005,-3.648237367026802,2.863568497199954,-3.646788679367943,2.8630264858438093,0.0015467618572744726
1757657217.3730607,-3.6549503090652764,2.863067715917965,-3.646788679367943,2.8630264858438093,0.008161733837574398
1757657217.47365,-3.6607690392718992,2.862649568494487,-3.646788679367943,2.8630264858438093,0.013985439919157457
1757657217.5741358,-3.6669767034837255,2.862336853740441,-3.646788679367943,2.8630264858438093,0.02019979975488386
1757657217.6747203,-3.673254406060481,2.862038170853853,-3.646788679367943,2.8630264858438093,0.026484173687005466
1757657217.7752595,-3.679868604837639,2.8617086074913027,-3.646788679367943,2.8630264858438093,0.03310616668284985
1757657217.8757963,-3.685412995782817,2.8616104770527873,-3.646788679367943,2.8630264858438093,0.03865026389835579
1757657217.9764042,-3.6913506824969273,2.8612188440027517,-3.646788679367943,2.8630264858438093,0.04459865123401309
1757657218.077063,-3.697209829053386,2.8611551625905056,-3.646788679367943,2.8630264858438093,0.05045586374565576
1757657218.1776025,-3.702886358430999,2.8611647274901193,-3.646788679367943,2.8630264858438093,0.05612856438952585
1757657218.2781358,-3.7081749425702526,2.861363450809038,-3.646788679367943,2.8630264858438093,0.06140878597945156
1757657218.3786922,-3.714314164180173,2.8611416625966375,-3.646788679367943,2.8630264858438093,0.06755178500824201
1757657218.479284,-3.720551619727079,2.8611819507858356,-3.646788679367943,2.8630264858438093,0.0737859992139804
1757657218.5798936,-3.7263390607709996,2.8608109187441895,-3.646788679367943,2.8630264858438093,0.07958122843324719
1757657218.6804585,-3.7327460284306335,2.860316281101748,-3.646788679367943,2.8630264858438093,0.08600006434665666
1757657218.7811022,-3.739037900979946,2.859484918128582,-3.646788679367943,2.8630264858438093,0.09231717927830084
1757657218.8816445,-3.744300848113661,2.8597072899076377,-3.646788679367943,2.8630264858438093,0.0975686430937525
1757657218.9821503,-3.750540439788949,2.8589837791738453,-3.646788679367943,2.8630264858438093,0.10383049295692054
1757657219.0827372,-3.756436343270152,2.859180067361456,-3.646788679367943,2.8630264858438093,0.10971510896113253
1757657219.183371,-3.76343947068071,2.858601004370838,-3.646788679367943,2.8630264858438093,0.1167347077786306
1757657219.2839618,-3.7677158215148605,2.859305833545874,-3.646788679367943,2.8630264858438093,0.1209843665989242
1757657219.3845603,-3.773739972258107,2.858958914917532,-3.646788679367943,2.8630264858438093,0.12701643948609342
1757657219.4851446,-3.7799622385810823,2.8578057173153804,-3.646788679367943,2.8630264858438093,0.13327585414291257
1757657219.5857239,-3.7858834602505205,2.857588677819482,-3.646788679367943,2.8630264858438093,0.13920103384990226
1757657219.6862912,-3.7919356155437702,2.857664444596543,-3.646788679367943,2.8630264858438093,0.14524594509853625
1757657219.7868912,-3.798393879178478,2.857444979329402,-3.646788679367943,2.8630264858438093,0.15170790956493516
